architecture_id,paradigm,e_star_complete,canonical_class,canonical_signature,lab_distance,weakest_lab_correspondence
a000001,rewriting_system,False,canon_020,R[0:1;1:1;3:2;4:1;5:1;8:2]E[0>3;1>5;3>0;3>1;3>4;3>5;3>8;5>8;8>4],0.39767952511319304,weak_behavioral_equivalence
a000002,cellular_automata,False,canon_014,R[0:1;1:1;3:1;4:1;5:2;8:2]E[0>5;1>5;1>8;3>4;3>8;4>8;5>1;5>3;8>4],0.3876196436278658,weak_behavioral_equivalence
a000005,differentiable_system,False,canon_382,R[2:1;4:1;5:2]E[2>5;5>2;5>4],0.7086773550734098,failed
a000007,hypergraph,False,canon_429,R[3:1;4:1;6:2]E[3>6;6>3;6>4],0.7014399909445255,failed
a000013,sat_based,False,canon_318,R[1:1;3:1;4:1;5:2;7:1]E[1>3;1>5;4>1;4>3;4>5;5>1;5>3;7>1;7>4;7>5],0.45287365537591845,weak_behavioral_equivalence
a000020,differentiable_system,False,canon_408,R[3:1;4:1;5:1;7:1]E[4>3;5>4;7>5],0.5472842899368134,failed
a000022,cellular_automata,False,canon_361,R[2:1;3:2;4:2;5:1;8:1]E[2>4;3>2;3>4;3>8;4>2;4>3;4>5;4>8;5>2],0.5711971830445991,failed
a000024,differentiable_system,False,canon_386,R[2:1;4:1;6:1]E[4>2;4>6;6>2],0.7717127687302757,failed
a000025,random_interaction,False,canon_236,R[0:2;2:1;3:1;5:1;7:1;8:1]E[0>3;2>0;2>3;2>8;3>8;5>2;7>2;7>5;8>0],0.5242208516011763,failed
a000028,rewriting_system,False,canon_070,R[0:1;2:1;3:3;6:1;8:2]E[0>6;2>3;2>8;3>0;3>6;3>8;6>3;8>3],0.6344565559351409,failed
a000031,differentiable_system,False,canon_402,R[2:2;4:1;6:1;8:1]E[2>4;2>6;2>8;4>8;6>2],0.6907625863026255,failed
a000033,cellular_automata,False,canon_444,R[3:1;5:1;8:2]E[3>5;3>8;5>8],0.590385006635519,failed
a000039,hypergraph,False,canon_111,R[0:1;3:1;4:1;5:2;6:2;8:1]E[0>5;3>6;4>5;4>6;4>8;5>3;5>6;5>8;6>0;6>3;6>8],0.46985584063842506,weak_behavioral_equivalence
a000041,cellular_automata,False,canon_090,R[0:1;2:1;4:3;5:2]E[0>5;2>4;4>0;4>2;4>5;5>2],0.6770489528629822,failed
a000043,rewriting_system,False,canon_444,R[3:1;5:1;8:2]E[3>5;3>8;5>8],0.5901649130136584,failed
a000049,graph_system,False,canon_491,R[4:1;5:1]E[4>5],0.7207713469547087,failed
a000051,differentiable_system,False,canon_248,R[0:2;2:1;4:1;5:1;7:1]E[0>4;0>5;2>0;2>5;5>0;7>2],0.6171745894284362,failed
a000053,differentiable_system,False,canon_082,R[0:1;2:1;4:1;6:1]E[0>4;2>6;6>0;6>4],0.7186983700503352,failed
a000055,cellular_automata,False,canon_510,R[4:2;5:2]E[4>5;5>4],0.6942934551509031,failed
a000058,graph_system,False,canon_288,R[0:2;4:1;5:1;8:1]E[0>5;0>8;4>0;4>5;4>8;5>0],0.5795883564242189,failed
a000059,sat_based,False,canon_145,R[0:1;3:2;4:1;5:1;7:1;8:2]E[0>8;3>0;3>4;3>5;3>8;4>3;4>8;5>4;7>3;7>5;7>8;8>3],0.3729928867877217,quotient_or_refinement_morphism
a000066,random_interaction,False,canon_283,R[0:2;3:2]E[0>3;3>0],0.7089325766656629,failed
a000068,differentiable_system,False,canon_055,R[0:1;2:1;3:2;4:1;6:2;8:1]E[0>6;2>3;2>4;3>4;3>6;3>8;4>3;4>8;6>2;6>3;6>4;8>3],0.5628907542492954,failed
a000069,cellular_automata,False,canon_194,R[0:1;4:2;5:3]E[0>5;4>5;5>0;5>4],0.6395342473350698,failed
a000071,differentiable_system,False,canon_024,R[0:1;1:1;3:3;4:1;5:2]E[0>3;1>3;1>4;3>0;3>4;3>5;4>3;5>1],0.4445507077919768,weak_behavioral_equivalence
a000074,symbolic_system,False,canon_503,R[4:1;8:1]E[8>4],0.7113613913493017,failed
a000075,cellular_automata,False,canon_203,R[0:1;5:1]E[0>5],0.7291974089636969,failed
a000076,rewriting_system,False,canon_281,R[0:2;3:2;5:2;8:2]E[0>5;3>0;3>8;5>3;5>8],0.548658954930011,failed
a000078,random_interaction,False,canon_071,R[0:1;2:1;3:4;4:1;5:1]E[0>3;2>0;2>3;2>4;3>0;3>2;3>4;3>5;4>0;4>3;5>2],0.6062286246553183,failed
a000080,sat_based,False,canon_321,R[1:1;3:1;4:1;5:2]E[1>3;1>5;4>1;4>3;5>3;5>4],0.4940608849787082,weak_behavioral_equivalence
a000081,differentiable_system,False,canon_384,R[2:1;4:1;6:1]E[2>4;6>2],0.7699072643230671,failed
a000083,cellular_automata,False,canon_201,R[0:1;5:1;8:1]E[0>8;5>0],0.6524054193484234,failed
a000085,symbolic_system,False,canon_310,R[1:1;2:1;3:1;4:1;5:2;8:2]E[1>3;2>3;2>5;3>4;3>8;4>8;5>1;5>2;5>8;8>1],0.4478538785381725,weak_behavioral_equivalence
a000086,graph_system,False,canon_004,R[0:1;1:1;2:1;3:2;4:1;5:1;8:1]E[0>4;1>2;1>5;2>5;3>1;3>2;3>5;4>3;4>8;5>0;8>3],0.466365681406214,weak_behavioral_equivalence
a000097,graph_system,False,canon_390,R[2:1;4:2;5:1;7:1]E[4>2;4>5;4>7;5>2;7>2;7>4;7>5],0.6570686947364324,failed
a000099,rewriting_system,False,canon_454,R[3:1;8:2]E[3>8],0.6767906925638605,failed
a000101,rewriting_system,False,canon_121,R[0:1;3:1;4:1;8:2]E[0>8;3>0;3>4;3>8;8>4],0.5729458252058208,failed
a000103,symbolic_system,False,canon_087,R[0:1;2:1;4:2;5:1]E[0>5;2>0;2>4;2>5;5>4],0.6574887297019623,failed
a000104,cellular_automata,False,canon_031,R[0:1;1:1;5:3;7:1]E[1>5;5>0;5>1;5>7;7>1;7>5],0.547550459380793,failed
a000107,rewriting_system,False,canon_174,R[0:1;3:3;5:2;8:2]E[0>3;3>0;3>8;5>3],0.5441016395550201,failed
a000120,sat_based,False,canon_312,R[1:1;2:1;3:1;4:1;5:2]E[1>5;2>5;3>2;3>4;3>5;4>1;4>2;5>1],0.5768402590857684,failed
a000127,rewriting_system,False,canon_144,R[0:1;3:2;4:1;5:1;7:1;8:1]E[0>7;3>4;3>8;4>3;5>3;7>3;7>5],0.3873880858743698,weak_behavioral_equivalence
a000128,probabilistic_system,False,canon_197,R[0:1;4:2]E[0>4;4>0],0.7181888991069532,failed
a000130,cellular_automata,False,canon_203,R[0:1;5:1]E[0>5],0.7296990104332457,failed
a000133,cellular_automata,False,canon_224,R[0:2;1:1;5:3]E[0>5;1>0;5>0;5>1],0.6191581909627648,failed
a000144,rewriting_system,False,canon_372,R[2:1;3:5;8:2]E[2>3;3>2;3>8;8>3],0.7012240103321147,failed
a000147,graph_system,False,canon_522,R[5:2;8:1]E[5>8],0.6796035312796617,failed
a000149,probabilistic_system,False,canon_212,R[0:2;1:1;2:1;3:1;4:1;5:1]E[0>2;0>4;1>0;1>3;2>3;4>1;4>3;4>5;5>1],0.49247169292459525,weak_behavioral_equivalence
a000150,graph_system,False,canon_491,R[4:1;5:1]E[4>5],0.7188481658702907,failed
a000156,cellular_automata,False,canon_213,R[0:2;1:1;2:1;3:1;4:1;5:2]E[0>4;1>5;2>0;2>1;3>0;4>2;4>3;4>5;5>1;5>2;5>3],0.5306921536306503,failed
a000157,hypergraph,False,canon_118,R[0:1;3:1;4:1;6:2]E[0>6;3>6;4>0;4>6;6>3],0.6509542154592125,failed
a000159,rewriting_system,False,canon_527,R[8:2]E[],0.7559761576707074,failed
a000163,sat_based,False,canon_492,R[4:1;5:1]E[5>4],0.7049141583364715,failed
a000166,probabilistic_system,False,canon_260,R[0:2;3:1;4:1;5:1;6:2]E[0>3;0>4;0>5;3>0;3>6;5>6;6>0;6>3;6>4],0.5898726714249789,failed
a000168,symbolic_system,False,canon_498,R[4:1;6:1;8:1]E[4>8;6>4],0.6754471938540146,failed
a000169,differentiable_system,False,canon_345,R[2:1;3:1;4:1;6:1;8:1]E[2>4;2>8;3>8;4>3;4>8;6>2],0.6022112367723953,failed
a000176,sat_based,False,canon_299,R[0:2;4:1]E[0>4;4>0],0.7295409754311791,failed
a000185,graph_system,False,canon_508,R[4:2;5:1]E[4>5],0.7149129460479415,failed
a000186,differentiable_system,False,canon_347,R[2:1;3:1;4:1;6:1]E[2>3;2>4;3>4;6>2],0.7339344515670736,failed
a000190,probabilistic_system,False,canon_364,R[2:1;3:3;4:1;5:2;8:1]E[3>2;3>4;3>5;4>8;5>3;8>2],0.6076253817192846,failed
a000191,probabilistic_system,False,canon_198,R[0:1;4:2]E[0>4],0.7178004456907623,failed
a000192,differentiable_system,False,canon_353,R[2:1;3:2;4:1;5:1;7:2;8:1]E[2>4;2>5;2>8;4>3;4>8;5>7;7>2;7>4;7>5;8>3],0.49027046913569583,weak_behavioral_equivalence
a000193,sat_based,False,canon_418,R[3:1;4:1;5:1]E[4>3;5>4],0.622255803953119,failed
a000194,hypergraph,False,canon_235,R[0:2;2:1;3:1;5:1;6:1;7:1]E[0>3;0>5;2>0;2>3;2>7;3>6;6>0;7>0;7>6],0.5965965018679064,failed
a000200,rewriting_system,False,canon_409,R[3:1;4:1;5:1;7:2;8:2]E[3>7;3>8;4>3;4>8;5>4;5>7;7>3;7>5;7>8],0.3614212111709464,quotient_or_refinement_morphism
a000203,hypergraph,False,canon_427,R[3:1;4:1;6:2;8:1]E[3>8;4>3;4>6;4>8;6>3],0.5707547778390568,failed
a000208,sat_based,False,canon_523,R[5:2;8:2]E[5>8],0.6822773814024393,failed
a000209,cellular_automata,False,canon_332,R[1:1;4:1;5:3]E[1>4;1>5;4>5;5>1],0.6113818317843341,failed
a000210,probabilistic_system,False,canon_203,R[0:1;5:1]E[0>5],0.7298016806576898,failed
a000215,graph_system,False,canon_466,R[3:2;4:1;8:1]E[3>4;3>8;4>8],0.6003634801447372,failed
a000216,hypergraph,False,canon_322,R[1:1;3:1;4:1;5:2]E[1>3;3>5;4>1;4>3;4>5;5>1],0.49900949008588813,weak_behavioral_equivalence
a000218,symbolic_system,False,canon_465,R[3:2;4:1;6:2;8:2]E[3>4;3>8;4>8;6>3;6>8;8>4],0.5965106008402802,failed
a000219,cellular_automata,False,canon_286,R[0:2;3:3]E[0>3;3>0],0.6998154891299351,failed
a000221,hypergraph,False,canon_452,R[3:1;6:2]E[3>6;6>3],0.7493841379464539,failed
a000222,graph_system,False,canon_007,R[0:1;1:1;2:1;4:1;5:1]E[0>2;1>4;1>5;2>4;5>0;5>2],0.6045066292022205,failed
a000223,hypergraph,False,canon_441,R[3:1;5:1;6:2;8:1]E[3>8;5>3;5>6;6>3;6>5;6>8],0.6163425780258827,failed
a000224,sat_based,False,canon_261,R[0:2;3:1;4:1;5:1;8:1]E[0>4;3>0;4>3;4>5;4>8;5>8;8>0;8>3],0.4869868523193739,weak_behavioral_equivalence
a000225,hypergraph,False,canon_033,R[0:1;1:2;3:1;5:1;8:1]E[1>3;1>5;1>8;3>0;5>3;8>1;8>3;8>5],0.45850160653818367,weak_behavioral_equivalence
a000231,probabilistic_system,False,canon_272,R[0:2;3:1]E[0>3],0.711753650228398,failed
a000234,differentiable_system,False,canon_072,R[0:1;2:1;3:4;4:1;6:1]E[0>3;2>3;2>4;2>6;3>2;3>4;3>6;4>3;6>3;6>4],0.6414484782531014,failed
a000241,differentiable_system,False,canon_100,R[0:1;2:2;4:1;6:1]E[0>2;2>4;2>6;6>4],0.7166019808470747,failed
a000253,hypergraph,False,canon_399,R[2:1;6:2]E[2>6],0.7993822904590169,failed
a000257,cellular_automata,False,canon_130,R[0:1;3:1;5:1;8:1]E[0>5;5>8;8>3],0.589439174627707,failed
a000259,sat_based,False,canon_459,R[3:2;4:1;5:1]E[3>4;4>3;5>3],0.6504027373804433,failed
a000260,hypergraph,False,canon_152,R[0:1;3:2;4:1;6:2;8:1]E[0>3;3>6;4>3;4>6;4>8;6>3;6>8;8>0;8>3],0.5354552764839092,failed
a000262,rewriting_system,False,canon_376,R[2:1;4:1;5:1;7:1]E[4>2;5>2;5>7;7>2;7>4],0.6387211794058576,failed
a000263,graph_system,False,canon_287,R[0:2;4:1;5:1;6:1]E[0>4;0>5;5>6;6>0;6>4],0.657545297324742,failed
a000271,random_interaction,False,canon_253,R[0:2;2:1;4:1]E[0>4;2>0;2>4;4>0],0.7380954427683528,failed
a000278,rewriting_system,False,canon_512,R[4:2;6:1]E[4>6],0.7512174200971713,failed
a000280,sat_based,False,canon_421,R[3:1;4:1;5:2]E[4>3;5>4],0.6180165159068275,failed
a000284,graph_system,False,canon_103,R[0:1;2:2;4:2;5:1;8:2]E[0>8;2>4;2>5;2>8;4>0;4>2;4>5;4>8;5>2;5>8;8>2],0.5851125320959902,failed
a000290,probabilistic_system,False,canon_366,R[2:1;3:3;4:1;6:2]E[2>4;3>2;3>6;6>3],0.7231962120028329,failed
a000292,sat_based,False,canon_246,R[0:2;2:1;3:3;5:1]E[0>2;2>3;3>0;5>2;5>3],0.6830914626162333,failed
a000293,symbolic_system,False,canon_124,R[0:1;3:1;4:2;5:1;8:1]E[0>4;3>4;3>5;3>8;4>0;4>8;5>4],0.48057300997353847,weak_behavioral_equivalence
a000295,sat_based,False,canon_183,R[0:1;4:1;5:1]E[0>4;5>0],0.6744730427687603,failed
a000298,graph_system,False,canon_380,R[2:1;4:1;5:1]E[4>2;4>5;5>2],0.7298562758973695,failed
a000299,cellular_automata,False,canon_433,R[3:1;4:2;5:2;8:1]E[3>4;3>5;3>8;4>5;4>8;5>4],0.5272555296312489,failed
a000300,probabilistic_system,False,canon_308,R[0:2]E[],0.7894736557626101,failed
a000305,differentiable_system,False,canon_091,R[0:1;2:1;5:1;7:1]E[0>5;2>7;7>0],0.6374724012130774,failed
a000307,symbolic_system,False,canon_026,R[0:1;1:1;4:1;5:2;8:1]E[0>1;0>5;1>5;4>0;4>1;4>8;5>8],0.44165208680704304,weak_behavioral_equivalence
a000312,differentiable_system,False,canon_397,R[2:1;6:1]E[6>2],0.8174907883504283,failed
a000313,probabilistic_system,False,canon_203,R[0:1;5:1]E[0>5],0.7316262783923441,failed
a000314,sat_based,False,canon_481,R[3:3;4:1;5:2]E[3>5;4>3;4>5;5>3;5>4],0.6249092581063554,failed
a000317,probabilistic_system,False,canon_272,R[0:2;3:1]E[0>3],0.7107897705932977,failed
a000320,random_interaction,False,canon_138,R[0:1;3:1;5:2]E[3>0;3>5;5>0],0.6741614886752546,failed
a000325,graph_system,False,canon_191,R[0:1;4:2;5:1]E[0>4;4>5;5>0],0.6554088165217875,failed
a000327,sat_based,False,canon_326,R[1:1;3:3;4:2;5:2]E[1>4;1>5;3>1;3>4;4>3;4>5;5>3;5>4],0.5334806733163588,failed
a000328,sat_based,False,canon_327,R[1:1;3:3;5:1]E[1>3;3>1;3>5;5>1],0.5882389963642441,failed
a000330,differentiable_system,False,canon_391,R[2:1;4:2]E[2>4;4>2],0.7746934235534488,failed
a000335,symbolic_system,False,canon_126,R[0:1;3:1;4:2;6:1;8:1]E[0>6;3>0;3>4;3>6;4>8;6>4],0.5675193735471689,failed
a000336,rewriting_system,False,canon_349,R[2:1;3:1;5:1;8:2]E[2>3;2>5;3>5;3>8;5>8],0.6276686256114822,failed
a000341,rewriting_system,False,canon_221,R[0:2;1:1;4:3;5:2]E[0>4;1>5;4>1;4>5;5>0],0.5524246303054313,failed
a000347,symbolic_system,False,canon_412,R[3:1;4:1;5:1;8:1]E[4>3;4>8;5>3;8>5],0.5614384762538395,failed
a000349,differentiable_system,False,canon_348,R[2:1;3:1;5:1;6:1;7:1]E[2>3;2>6;5>7;6>3;7>2;7>6],0.6594628555544326,failed
a000350,graph_system,False,canon_417,R[3:1;4:1;5:1]E[4>3;5>3;5>4],0.6172226099276028,failed
a000351,hypergraph,False,canon_324,R[1:1;3:1;5:1]E[3>5;5>1],0.6164546306662234,failed
a000354,sat_based,False,canon_189,R[0:1;4:1]E[4>0],0.7284326592152085,failed
a000356,graph_system,False,canon_104,R[0:1;2:2;4:2;5:1]E[0>2;2>4;2>5;4>2;4>5;5>2],0.6795211386546733,failed
a000360,graph_system,False,canon_079,R[0:1;2:1;4:1;5:1]E[0>4;2>0;2>4;5>0;5>2],0.6808784596683332,failed
a000361,probabilistic_system,False,canon_155,R[0:1;3:2;4:1;6:2]E[3>0;3>6;4>3;4>6;6>0;6>3],0.6313049108793669,failed
a000363,symbolic_system,False,canon_517,R[5:1;6:1;8:1]E[5>6;6>8],0.6892108170663028,failed
a000364,random_interaction,False,canon_211,R[0:1;6:2]E[6>0],0.7583497418837217,failed
a000366,probabilistic_system,False,canon_203,R[0:1;5:1]E[0>5],0.7278749946352041,failed
a000370,differentiable_system,False,canon_384,R[2:1;4:1;6:1]E[2>4;6>2],0.7707602721827411,failed
a000376,rewriting_system,False,canon_105,R[0:1;3:1;4:1;5:1;6:1;7:1;8:1]E[0>3;3>4;3>6;3>8;5>0;6>8;7>3;7>5;7>6;8>4],0.431454581757563,weak_behavioral_equivalence
a000380,hypergraph,False,canon_211,R[0:1;6:2]E[6>0],0.7441295242467765,failed
a000381,symbolic_system,False,canon_477,R[3:3;4:1;5:1;8:1]E[3>4;3>5;3>8;4>8;5>3],0.549925664637774,failed
a000397,differentiable_system,False,canon_500,R[4:1;6:1]E[6>4],0.7672412566314749,failed
a000399,symbolic_system,False,canon_112,R[0:1;3:1;4:1;5:2;8:1]E[0>5;3>4;3>8;4>8;5>3],0.5030972425293194,weak_behavioral_equivalence
a000401,hypergraph,False,canon_107,R[0:1;3:1;4:1;5:1;6:1]E[0>5;3>0;3>4;3>5;5>4;5>6;6>4],0.5938860419932929,failed
a000404,graph_system,False,canon_509,R[4:2;5:2;7:2]E[4>7;5>4;5>7;7>4;7>5],0.5793272774710199,failed
a000409,symbolic_system,False,canon_196,R[0:1;4:2;8:1]E[0>4;4>8],0.6234628940149063,failed
a000412,sat_based,False,canon_457,R[3:2;4:1;5:1;8:1]E[3>4;3>8;4>3;4>8;5>3],0.5311470578377063,failed
a000422,cellular_automata,False,canon_524,R[5:2]E[],0.7775936882085395,failed
a000430,hypergraph,False,canon_136,R[0:1;3:1;5:2;6:2;8:1]E[0>8;3>5;3>6;5>3;5>6;6>0;6>3;6>5],0.5577620640950001,failed
a000434,probabilistic_system,False,canon_208,R[0:1;6:1;8:1]E[0>6;6>8],0.6956013305068293,failed
a000435,symbolic_system,False,canon_492,R[4:1;5:1]E[5>4],0.7001025655629501,failed
a000446,cellular_automata,False,canon_217,R[0:2;1:1;2:2;3:1;4:1;5:1]E[0>4;0>5;1>2;1>5;2>0;2>3;2>4;2>5;3>0;3>1;3>2;3>5;4>1;4>5],0.5500506785737735,failed
a000451,graph_system,False,canon_086,R[0:1;2:1;4:2;5:1]E[0>4;2>0;2>4;4>2;4>5;5>0;5>2],0.6780060205521306,failed
a000453,hypergraph,False,canon_274,R[0:2;3:2;4:1;6:2;8:1]E[0>3;3>0;3>6;6>0;6>3;6>4;6>8;8>4],0.5747332538048862,failed
a000459,sat_based,False,canon_108,R[0:1;3:1;4:1;5:1;8:1]E[0>5;0>8;4>0;4>3;5>3;8>5],0.5353593930240655,failed
a000460,random_interaction,False,canon_462,R[3:2;4:1;5:2]E[3>4;3>5;4>3;5>4],0.6204359261525149,failed
a000461,probabilistic_system,False,canon_272,R[0:2;3:1]E[0>3],0.7111876499247151,failed
a000463,graph_system,False,canon_240,R[0:2;2:1;3:2;4:2;5:1]E[0>3;0>4;2>0;2>3;3>0;3>2;3>4;4>2;4>3;4>5;5>2;5>3],0.6023461361161001,failed
a000465,sat_based,False,canon_356,R[2:1;3:2;4:1;5:2;8:2]E[2>3;2>5;2>8;3>5;3>8;4>2;4>3;4>8;5>3;5>8;8>3],0.5389758920226645,failed
a000469,hypergraph,False,canon_428,R[3:1;4:1;6:2]E[3>6;4>6;6>3],0.7018135860920582,failed
a000471,differentiable_system,False,canon_344,R[2:1;3:1;4:1;6:1;8:1]E[2>3;2>4;2>8;3>4;3>8;4>8;6>2],0.6367737618668398,failed
a000474,random_interaction,False,canon_214,R[0:2;1:1;2:1;3:1;4:1;5:2]E[0>5;1>4;2>0;2>3;2>4;3>1;3>4;4>0;5>1;5>2;5>3],0.550263205025032,failed
a000479,symbolic_system,False,canon_192,R[0:1;4:2;5:1]E[0>4;5>0],0.6613590181142468,failed
a000480,probabilistic_system,False,canon_308,R[0:2]E[],0.7849248028115032,failed
a000481,symbolic_system,False,canon_420,R[3:1;4:1;5:2;8:2]E[3>4;3>8;4>8;5>3;8>4],0.5444191602921666,failed
a000482,cellular_automata,False,canon_047,R[0:1;2:1;3:1;5:2;7:2;8:1]E[0>3;0>5;2>5;3>2;3>5;3>7;3>8;5>2;5>7;7>0;7>2;7>3;7>5;7>8],0.44962992934772117,weak_behavioral_equivalence
a000483,rewriting_system,False,canon_271,R[0:2;3:1;5:1;8:1]E[0>3;0>8;3>5;3>8;5>0],0.5564968780176353,failed
a000484,probabilistic_system,False,canon_278,R[0:2;3:2;4:2;5:2]E[0>3;0>4;0>5;3>4;4>3;5>0;5>3],0.5738809546237962,failed
a000488,differentiable_system,False,canon_188,R[0:1;4:1]E[0>4],0.7257607498813419,failed
a000489,random_interaction,False,canon_407,R[3:1;4:1;5:1;6:2]E[3>6;4>3;4>5;4>6;5>6;6>3],0.6257908988819998,failed
a000490,probabilistic_system,False,canon_188,R[0:1;4:1]E[0>4],0.7316040794692329,failed
a000498,random_interaction,False,canon_057,R[0:1;2:1;3:2;4:1;8:1]E[0>3;2>0;2>3;2>4;2>8;3>4;3>8;4>3;4>8],0.549534062984725,failed
a000499,differentiable_system,False,canon_501,R[4:1;6:2]E[6>4],0.7477348696727816,failed
a000502,differentiable_system,False,canon_404,R[2:2;4:2;5:1;7:1]E[2>4;2>7;4>5;5>4;7>2;7>4],0.6441076829530845,failed
a000503,random_interaction,False,canon_044,R[0:1;2:1;3:1;4:2;6:1]E[2>3;2>4;2>6;3>4;4>0;6>3;6>4],0.6807559114222935,failed
a000505,rewriting_system,False,canon_262,R[0:2;3:1;4:1;5:2;8:2]E[0>3;3>4;3>8;4>8;5>0;5>3;5>8;8>4],0.4531570416685337,weak_behavioral_equivalence
a000506,differentiable_system,False,canon_374,R[2:1;4:1;5:1;7:1]E[2>4;4>5;7>2],0.6673352243459301,failed
a000507,rewriting_system,False,canon_362,R[2:1;3:2;6:2;8:2]E[2>3;3>6;3>8;6>2;6>3;6>8],0.6854326480037637,failed
a000508,hypergraph,False,canon_525,R[6:1;8:1]E[6>8],0.7485200721040998,failed
a000509,sat_based,False,canon_147,R[0:1;3:2;4:1;5:1;8:2]E[0>8;3>0;3>8;4>3;4>8;5>4;8>3],0.4528379963990823,weak_behavioral_equivalence
a000510,differentiable_system,False,canon_095,R[0:1;2:1;6:1;8:1]E[2>6;2>8;6>8;8>0],0.7041336971873993,failed
a000516,symbolic_system,False,canon_514,R[4:2;8:1]E[4>8],0.6786117073290202,failed
a000517,random_interaction,False,canon_005,R[0:1;1:1;2:1;3:2;4:1;5:1]E[1>3;1>4;2>4;2>5;3>0;3>2;3>4;3>5;4>3;5>1],0.5163502301727526,weak_behavioral_equivalence
a000527,hypergraph,False,canon_456,R[3:2;4:1;5:1;6:2]E[3>5;3>6;4>3;4>6;5>6;6>3],0.6136789946812,failed
a000534,hypergraph,False,canon_337,R[1:2;3:2;5:2;8:1]E[1>3;1>8;3>1;3>8;5>1;5>3],0.4898224617526199,weak_behavioral_equivalence
a000536,rewriting_system,False,canon_431,R[3:1;4:1]E[4>3],0.7000653540565864,failed
a000538,graph_system,False,canon_469,R[3:2;4:2;5:1]E[4>3;4>5;5>3],0.6414397870051538,failed
a000539,probabilistic_system,False,canon_066,R[0:1;2:1;3:3;4:1;6:2]E[0>2;0>3;2>4;3>0;3>2;3>4;3>6;6>0;6>3;6>4],0.6529991481502837,failed
a000542,sat_based,False,canon_408,R[3:1;4:1;5:1;7:1]E[4>3;5>4;7>5],0.5472738731388597,failed
a000549,cellular_automata,False,canon_200,R[0:1;5:1;7:1]E[0>5;7>0],0.6287596220430336,failed
a000550,rewriting_system,False,canon_454,R[3:1;8:2]E[3>8],0.6762905124698066,failed
a000553,symbolic_system,False,canon_285,R[0:2;3:3;4:1;8:2]E[0>3;0>4;3>0;3>4;3>8;4>8;8>0;8>4],0.5412309569728564,failed
a000564,differentiable_system,False,canon_388,R[2:1;4:1;6:2;8:1]E[2>6;4>8;6>2;6>4;6>8],0.6765343373317277,failed
a000571,hypergraph,False,canon_210,R[0:1;6:2]E[0>6],0.7521548018605682,failed
a000573,sat_based,False,canon_017,R[0:1;1:1;3:1;4:2;5:2]E[0>4;1>0;1>3;1>4;4>1;4>3;5>4],0.4371075327434532,weak_behavioral_equivalence
a000578,symbolic_system,False,canon_466,R[3:2;4:1;8:1]E[3>4;3>8;4>8],0.6006333813753921,failed
a000581,probabilistic_system,False,canon_226,R[0:2;2:1;3:1;4:1;5:2;7:1]E[0>3;0>4;0>5;2>0;2>3;2>5;4>0;4>2;4>3;4>7;5>2;5>3;7>2;7>5],0.5514893454061606,failed
a000584,symbolic_system,False,canon_502,R[4:1;8:1]E[4>8],0.6822688778476497,failed
a000588,symbolic_system,False,canon_463,R[3:2;4:1;6:1;8:1]E[3>4;3>8;4>8;6>3],0.5999250503460848,failed
a000589,sat_based,False,canon_500,R[4:1;6:1]E[6>4],0.7647048697597565,failed
a000590,hypergraph,False,canon_464,R[3:2;4:1;6:2;8:1]E[3>4;3>6;3>8;4>8;6>3;6>4],0.5988075314711172,failed
a000592,differentiable_system,False,canon_373,R[2:1;4:1;5:1;6:1]E[2>4;2>5;5>6;6>4],0.7186076906441233,failed
a000594,hypergraph,False,canon_334,R[1:1;5:1]E[5>1],0.6723270771286944,failed
a000596,probabilistic_system,False,canon_368,R[2:1;3:3;4:2;6:1]E[3>2;3>4;3>6;4>2;4>3;6>3;6>4],0.7022110149298735,failed
a000597,random_interaction,False,canon_244,R[0:2;2:1;3:3;4:2]E[0>3;0>4;2>0;2>3;2>4;3>0;3>2;3>4;4>0;4>3],0.6563121793847128,failed
a000599,sat_based,False,canon_323,R[1:1;3:1;4:2;5:2]E[3>1;4>1;4>3;5>1;5>4],0.4786415222117625,weak_behavioral_equivalence
a000603,hypergraph,False,canon_251,R[0:2;2:1;4:1;5:2;6:1;7:1]E[0>5;2>0;2>5;2>6;4>2;4>6;5>4;5>7;6>5;6>7;7>0],0.5640737566715247,failed
a000605,symbolic_system,False,canon_514,R[4:2;8:1]E[4>8],0.6769073364861926,failed
a000611,hypergraph,False,canon_295,R[0:2;4:1;6:2]E[0>6;4>0;6>4],0.6934106974214176,failed
a000614,hypergraph,False,canon_440,R[3:1;5:1;6:2;8:1]E[3>6;5>3;6>3;6>5;6>8],0.6196456887196448,failed
a000615,symbolic_system,False,canon_045,R[0:1;2:1;3:1;4:2]E[0>4;2>4;4>0;4>3],0.6605794395204714,failed
a000616,differentiable_system,False,canon_025,R[0:1;1:1;4:1;5:1;7:1;8:1]E[1>4;4>0;5>1;5>8;7>1;7>5;8>1],0.40535642768209484,weak_behavioral_equivalence
a000619,random_interaction,False,canon_075,R[0:1;2:1;4:1;5:1;7:1]E[0>5;0>7;2>0;5>4;7>5],0.5932673721084109,failed
a000623,differentiable_system,False,canon_374,R[2:1;4:1;5:1;7:1]E[2>4;4>5;7>2],0.6666136736114864,failed
a000628,random_interaction,False,canon_168,R[0:1;3:2]E[3>0],0.7315788178312518,failed
a000629,probabilistic_system,True,canon_037,R[0:1;2:1;3:1;4:1;5:1;7:1;8:2]E[0>3;2>0;2>3;2>8;3>8;4>2;4>3;4>8;5>2;5>7;7>2;7>3;7>4],0.38028652334792085,weak_behavioral_equivalence
a000630,differentiable_system,False,canon_340,R[2:1;3:1;4:1;5:1;7:1]E[2>3;2>4;3>4;5>2;7>5],0.6263678909640109,failed
a000633,hypergraph,False,canon_234,R[0:2;2:1;3:1;5:1;6:1;7:1;8:1]E[0>7;0>8;2>0;2>5;3>0;3>2;5>0;5>7;6>0;6>8;7>6],0.5471740229423067,failed
a000635,sat_based,False,canon_370,R[2:1;3:3;5:1;6:1;7:1;8:1]E[2>3;2>6;2>7;2>8;3>8;5>6;6>3;7>3;7>5;7>6],0.5613033953688392,failed
a000638,graph_system,False,canon_380,R[2:1;4:1;5:1]E[4>2;4>5;5>2],0.7308090423483636,failed
a000641,probabilistic_system,False,canon_263,R[0:2;3:1;4:1;8:1]E[0>3;0>4;0>8;4>0;4>3;4>8;8>3],0.548781917281454,failed
a000643,rewriting_system,False,canon_448,R[3:1;5:2;8:2]E[3>5;5>8],0.6182231211987173,failed
a000644,graph_system,False,canon_203,R[0:1;5:1]E[0>5],0.7249645522519376,failed
a000645,probabilistic_system,True,canon_035,R[0:1;2:1;3:1;4:1;5:1;6:1;7:1;8:1]E[0>5;2>4;2>5;2>6;3>8;4>0;4>3;5>3;6>3;6>4;6>5;6>8;7>2;7>5;7>6],0.46378205274209167,weak_behavioral_equivalence
a000653,differentiable_system,False,canon_400,R[2:2;3:1;4:1;5:1;7:1;8:2]E[2>3;2>4;2>7;2>8;3>8;4>3;4>8;5>2;7>3;7>5],0.4796609180517578,weak_behavioral_equivalence
a000655,probabilistic_system,False,canon_292,R[0:2;4:1;5:1]E[0>4;0>5;5>0],0.6770522409024253,failed
a000657,rewriting_system,False,canon_120,R[0:1;3:1;4:1;8:2]E[0>3;3>4;3>8;4>8],0.5187535320067815,weak_behavioral_equivalence
a000660,random_interaction,False,canon_168,R[0:1;3:2]E[3>0],0.7293376371667433,failed
a000663,differentiable_system,False,canon_389,R[2:1;4:1]E[2>4],0.7838427839992244,failed
a000665,random_interaction,False,canon_142,R[0:1;3:1]E[0>3],0.7058356757216903,failed
a000666,random_interaction,False,canon_022,R[0:1;1:1;3:2;5:2;8:1]E[0>8;1>3;3>0;3>1;3>8;5>3;5>8],0.4458646595602785,weak_behavioral_equivalence
a000667,symbolic_system,False,canon_502,R[4:1;8:1]E[4>8],0.6844396116685522,failed
a000668,graph_system,False,canon_379,R[2:1;4:1;5:1]E[2>4;5>2],0.7367484820492824,failed
a000669,sat_based,False,canon_460,R[3:2;4:1;5:1]E[4>3;5>4],0.6186399521454191,failed
a000674,symbolic_system,False,canon_021,R[0:1;1:1;3:2;4:1;5:2;8:1]E[0>3;1>0;1>3;3>8;4>3;4>5;5>1],0.33109796496267757,quotient_or_refinement_morphism
a000678,cellular_automata,False,canon_493,R[4:1;5:2;6:1;7:1]E[4>6;6>5;7>4;7>5;7>6],0.6372737041428046,failed
a000682,random_interaction,False,canon_117,R[0:1;3:1;4:1;6:1]E[3>0;4>3;6>3;6>4],0.6464056498095341,failed
a000686,rewriting_system,False,canon_352,R[2:1;3:2;4:1;5:1;7:1;8:2]E[2>3;2>4;2>5;3>2;3>4;3>5;3>7;3>8;4>8;5>4;5>7;7>4],0.49821076114924007,weak_behavioral_equivalence
a000691,symbolic_system,False,canon_502,R[4:1;8:1]E[4>8],0.6823927489451502,failed
a000694,rewriting_system,False,canon_519,R[5:1;8:2]E[5>8],0.6702638464671921,failed
a000696,cellular_automata,False,canon_203,R[0:1;5:1]E[0>5],0.7290275499740204,failed
a000698,rewriting_system,False,canon_453,R[3:1;8:1]E[3>8],0.6830049234310234,failed
a000699,hypergraph,False,canon_061,R[0:1;2:1;3:2;4:2]E[2>4;3>2;3>4;4>0;4>2;4>3],0.6208811428625671,failed
a000709,graph_system,False,canon_491,R[4:1;5:1]E[4>5],0.7205854696014031,failed
a000716,random_interaction,False,canon_166,R[0:1;3:2;7:1]E[3>0;3>7;7>3],0.6376174647446163,failed
a000718,graph_system,False,canon_314,R[1:1;2:1;4:2;5:1]E[2>1;4>1;4>2;4>5;5>2],0.6315626502160876,failed
a000721,rewriting_system,False,canon_473,R[3:2;5:1;8:2]E[3>8;5>3],0.6169714668135508,failed
a000727,symbolic_system,False,canon_187,R[0:1;4:1;8:1]E[0>4;4>8],0.6315769590648859,failed
a000728,rewriting_system,False,canon_474,R[3:2;8:2]E[3>8],0.6793342871752234,failed
a000730,rewriting_system,False,canon_181,R[0:1;4:1;5:1;8:1]E[0>4;4>8;5>0],0.571133347494923,failed
a000731,differentiable_system,False,canon_398,R[2:1;6:2]E[2>6;6>2],0.8027151081115812,failed
a000733,random_interaction,False,canon_162,R[0:1;3:2;6:1;8:1]E[0>8;3>0;3>6;3>8;6>0;6>8],0.6327967753285926,failed
a000738,symbolic_system,False,canon_425,R[3:1;4:1;6:2;8:1]E[3>4;3>8;4>8;6>3;6>4],0.5972250526879957,failed
a000750,hypergraph,False,canon_028,R[0:1;1:1;4:1;5:2]E[0>1;1>4;1>5;4>5;5>0;5>1],0.5600866319305282,failed
a000751,sat_based,False,canon_496,R[4:1;5:2]E[5>4],0.6974557849360374,failed
a000753,symbolic_system,False,canon_476,R[3:3;4:1;5:1;7:1;8:1]E[3>5;3>8;4>3;5>3;7>3;7>4],0.44739848952955086,weak_behavioral_equivalence
a000755,sat_based,False,canon_038,R[0:1;2:1;3:1;4:1;5:1]E[0>5;2>0;3>2;5>4],0.6205905065177415,failed
a000756,differentiable_system,False,canon_389,R[2:1;4:1]E[2>4],0.7808428056130714,failed
a000766,hypergraph,False,canon_306,R[0:2;6:2]E[6>0],0.7498090803460978,failed
a000768,sat_based,False,canon_467,R[3:2;4:1]E[3>4;4>3],0.7058880383275954,failed
a000769,cellular_automata,False,canon_496,R[4:1;5:2]E[5>4],0.6926206218562938,failed
a000771,sat_based,False,canon_051,R[0:1;2:1;3:2;4:1;5:1;8:2]E[0>3;2>3;2>5;2>8;3>8;4>3;4>8;5>4;5>8;8>0],0.4421748378970103,weak_behavioral_equivalence
a000780,probabilistic_system,False,canon_300,R[0:2;4:2;5:1]E[0>5;4>0;5>4],0.6376190654205532,failed
a000781,probabilistic_system,False,canon_125,R[0:1;3:1;4:2;5:1]E[0>3;4>3;4>5;5>0],0.5605829238593806,failed
a000787,sat_based,False,canon_119,R[0:1;3:1;4:1;8:1]E[3>0;4>8;8>3],0.5807905277724349,failed
a000789,random_interaction,False,canon_161,R[0:1;3:2;5:2]E[0>5;3>0;3>5;5>3],0.6732000129486306,failed
a000791,probabilistic_system,False,canon_257,R[0:2;2:1;6:1]E[0>6;2>0;6>2],0.773603877529908,failed
a000792,graph_system,False,canon_113,R[0:1;3:1;4:1;5:2;8:2]E[0>8;3>5;3>8;4>3;4>5;4>8;5>0;5>8;8>3;8>5],0.4679623433153711,weak_behavioral_equivalence
a000794,symbolic_system,False,canon_496,R[4:1;5:2]E[5>4],0.6908877683217415,failed
a000798,hypergraph,False,canon_154,R[0:1;3:2;4:1;6:2;8:1]E[3>6;3>8;4>8;6>3;6>4;6>8;8>0],0.55414229389653,failed
a000799,sat_based,False,canon_201,R[0:1;5:1;8:1]E[0>8;5>0],0.6552867406202507,failed
a000800,sat_based,False,canon_435,R[3:1;4:2;5:2]E[4>3;4>5;5>4],0.6140089765891042,failed
a000801,random_interaction,False,canon_284,R[0:2;3:2]E[3>0],0.7339209092779552,failed
a000802,cellular_automata,False,canon_115,R[0:1;3:1;4:1;5:3]E[0>5;3>0;3>4;4>5;5>0],0.6196833834674338,failed
a000804,cellular_automata,False,canon_497,R[4:1;5:3;7:1]E[4>5;5>7;7>5],0.6187511200145439,failed
a000805,graph_system,False,canon_416,R[3:1;4:1;5:1]E[4>3;4>5;5>3],0.6507798906770915,failed
a000806,hypergraph,False,canon_526,R[6:2]E[],0.7943823206755044,failed
a000808,graph_system,False,canon_078,R[0:1;2:1;4:1;5:1;8:1]E[0>8;2>0;2>8;4>2;4>5;4>8;5>2],0.606070026376603,failed
a000812,rewriting_system,False,canon_171,R[0:1;3:3;4:1;5:1;8:1]E[0>5;3>0;3>4;3>8;4>3;4>8;5>3;5>4;5>8],0.437426399738251,weak_behavioral_equivalence
a000816,probabilistic_system,False,canon_068,R[0:1;2:1;3:3;5:1;7:1]E[0>3;2>0;2>3;3>0;3>2;3>5;5>2;5>7;7>2;7>3],0.5761029075994977,failed
a000822,symbolic_system,False,canon_110,R[0:1;3:1;4:1;5:1]E[0>3;4>0;4>3;5>4],0.5418546772623954,failed
a000825,hypergraph,False,canon_521,R[5:2;6:2;7:1]E[5>6;5>7;6>5;6>7;7>6],0.6683486332886136,failed
a000826,probabilistic_system,False,canon_296,R[0:2;4:1;8:1]E[0>4;0>8;4>0;4>8],0.6379146065233828,failed
a000829,cellular_automata,False,canon_029,R[0:1;1:1;5:1]E[0>1;1>5],0.639582174505599,failed
a000830,sat_based,False,canon_001,R[0:1;1:1;2:1;3:1;4:1;5:1]E[0>1;1>3;2>0;4>2;4>3;5>4],0.4970064468305788,weak_behavioral_equivalence
a000831,graph_system,False,canon_096,R[0:1;2:1]E[0>2],0.7843835059260384,failed
a000833,rewriting_system,False,canon_488,R[3:4;8:1]E[3>8],0.6828822365779873,failed
a000835,differentiable_system,False,canon_101,R[0:1;2:2;4:1;6:2]E[0>6;2>0;2>4;2>6;4>2;6>2;6>4],0.7144461064598848,failed
a000840,random_interaction,False,canon_486,R[3:4;4:1;5:2;8:1]E[3>4;3>5;3>8;4>3;4>8;5>3;8>3],0.535957413295069,failed
a000842,probabilistic_system,False,canon_307,R[0:2;8:1]E[0>8;8>0],0.7161142792420884,failed
a000845,random_interaction,False,canon_135,R[0:1;3:1;5:1]E[3>0;5>3],0.6747272140977593,failed
a000849,graph_system,False,canon_077,R[0:1;2:1;4:1;5:1;7:1]E[2>0;4>2;4>5;5>0;5>2;7>2;7>4;7>5],0.6094535696926134,failed
a000858,differentiable_system,False,canon_092,R[0:1;2:1;5:1]E[2>0;2>5;5>0],0.7351739782071911,failed
a000859,sat_based,False,canon_480,R[3:3;4:1;5:2]E[3>4;3>5;4>3;5>3;5>4],0.617164931459777,failed
a000860,differentiable_system,False,canon_377,R[2:1;4:1;5:1;8:1]E[2>4;2>5;2>8;4>8;5>4],0.6293293812667059,failed
a000862,rewriting_system,False,canon_237,R[0:2;2:1;3:1;5:2;8:2]E[0>3;0>5;2>0;2>3;2>5;2>8;3>0;3>8;5>0;5>8],0.5646460598515834,failed
a000864,hypergraph,False,canon_013,R[0:1;1:1;3:1;4:1;5:2;8:1]E[0>5;1>5;1>8;3>5;4>1;4>3;5>1;8>0],0.40206158245537965,weak_behavioral_equivalence
a000867,sat_based,False,canon_081,R[0:1;2:1;4:1;5:2]E[2>0;2>5;4>2;5>0;5>4],0.6649292088854354,failed
a000872,graph_system,False,canon_052,R[0:1;2:1;3:2;4:1;5:1]E[0>5;2>3;3>0;3>2;3>4;3>5;5>2;5>3],0.6434495748440925,failed
a000882,cellular_automata,False,canon_393,R[2:1;5:1]E[2>5],0.7827068951420179,failed
a000888,random_interaction,False,canon_256,R[0:2;2:1;5:1;8:1]E[0>5;2>0;5>8;8>0],0.6608082717941494,failed
a000892,sat_based,False,canon_317,R[1:1;3:1;4:1;5:1;8:1]E[1>3;3>8;4>1;4>3;4>8;5>4],0.34669789124458567,quotient_or_refinement_morphism
a000899,probabilistic_system,False,canon_227,R[0:2;2:1;3:1;4:1;5:2;7:1]E[0>3;0>5;2>0;2>3;4>2;5>2;5>4;5>7;7>2;7>5],0.5239631598747018,failed
a000901,cellular_automata,False,canon_076,R[0:1;2:1;4:1;5:1;7:1]E[0>5;2>7;4>0;7>4],0.6146547179578622,failed
a000902,cellular_automata,False,canon_228,R[0:2;2:1;3:1;4:1;5:2]E[0>2;0>5;2>3;2>5;3>4;5>0;5>2;5>3],0.6490331610824404,failed
a000907,rewriting_system,False,canon_453,R[3:1;8:1]E[3>8],0.6836476267553325,failed
a000909,hypergraph,False,canon_209,R[0:1;6:1]E[6>0],0.7612059673584086,failed
a000911,hypergraph,False,canon_429,R[3:1;4:1;6:2]E[3>6;6>3;6>4],0.702633130654769,failed
a000913,probabilistic_system,False,canon_273,R[0:2;3:2;4:1;6:1]E[0>3;0>4;3>0;3>4;3>6;4>3;6>0],0.6287303551536156,failed
a000919,graph_system,False,canon_438,R[3:1;5:1;6:2;8:1]E[3>5;3>6;3>8;5>6;5>8;6>3;6>8],0.5871801459488197,failed
a000920,hypergraph,False,canon_452,R[3:1;6:2]E[3>6;6>3],0.7501653311942247,failed
a000921,hypergraph,False,canon_526,R[6:2]E[],0.8028131808860888,failed
a000925,symbolic_system,False,canon_325,R[1:1;3:2;4:1;5:1;8:1]E[1>3;3>1;3>4;3>5;4>8;5>4],0.44765041900276337,weak_behavioral_equivalence
a000932,cellular_automata,False,canon_116,R[0:1;3:1;4:1;5:3]E[0>5;4>3;4>5;5>3;5>4],0.577898213935765,failed
a000934,random_interaction,False,canon_468,R[3:2;4:2;5:1]E[3>4;3>5;4>3;5>4],0.6170889921670405,failed
a000935,cellular_automata,False,canon_133,R[0:1;3:1;5:1]E[0>3;5>0;5>3],0.6533538064541148,failed
a000938,graph_system,False,canon_074,R[0:1;2:1;4:1;5:1;6:1;7:1]E[0>5;2>4;2>6;2>7;4>6;6>0;7>4;7>6],0.5916016469128076,failed
a000940,sat_based,False,canon_245,R[0:2;2:1;3:3;5:1;8:1]E[0>3;0>8;2>0;2>8;3>0;3>2;3>8;5>2;5>3;8>3],0.589820222881595,failed
a000941,rewriting_system,False,canon_146,R[0:1;3:2;4:1;5:1;7:1;8:2]E[3>7;3>8;4>3;4>8;5>4;7>3;8>0],0.3341411590213771,quotient_or_refinement_morphism
a000945,differentiable_system,False,canon_365,R[2:1;3:3;4:1;6:2;8:1]E[2>3;2>6;3>8;4>2;4>3;4>6;6>2;6>3;6>4],0.627980358414591,failed
a000948,sat_based,False,canon_379,R[2:1;4:1;5:1]E[2>4;5>2],0.7381092376886405,failed
a000952,symbolic_system,False,canon_243,R[0:2;2:1;3:3;4:1;8:1]E[0>2;0>3;2>0;2>3;2>4;2>8;3>4;3>8;4>3;4>8],0.5511619069387348,failed
a000954,probabilistic_system,False,canon_308,R[0:2]E[],0.7854331515021113,failed
a000956,differentiable_system,False,canon_384,R[2:1;4:1;6:1]E[2>4;6>2],0.7698737873809317,failed
a000959,graph_system,False,canon_383,R[2:1;4:1;5:2]E[4>2;4>5;5>2;5>4],0.7094092896871724,failed
a000963,probabilistic_system,False,canon_308,R[0:2]E[],0.7863771254423233,failed
a000968,differentiable_system,False,canon_254,R[0:2;2:1;4:1]E[0>4;2>0;4>0],0.7372668058858117,failed
a000971,random_interaction,False,canon_308,R[0:2]E[],0.785968552687554,failed
a000972,differentiable_system,False,canon_315,R[1:1;2:1;4:2;5:2;7:1]E[1>4;2>4;2>5;5>1;5>7;7>1;7>2;7>4;7>5],0.5661593375557605,failed
a000976,rewriting_system,False,canon_494,R[4:1;5:2;8:1]E[4>5;4>8;5>4;5>8],0.5757165664624002,failed
a000977,symbolic_system,False,canon_336,R[1:2;3:2;4:1;5:2;8:1]E[1>3;1>5;3>5;3>8;4>1;4>3;5>1;5>3;5>4],0.3601985300006356,quotient_or_refinement_morphism
a000984,cellular_automata,False,canon_341,R[2:1;3:1;4:1;5:1;7:1]E[2>4;2>5;4>3;4>5;5>3;7>2],0.5984668559538866,failed
a000989,sat_based,False,canon_041,R[0:1;2:1;3:1;4:1;5:2;7:1]E[0>5;2>0;2>5;4>2;4>3;4>5;4>7;5>2;5>3;7>2;7>5],0.5609105286297996,failed
a000990,sat_based,False,canon_492,R[4:1;5:1]E[5>4],0.7035362546841212,failed
a000993,rewriting_system,False,canon_519,R[5:1;8:2]E[5>8],0.670029911747325,failed
a000994,rewriting_system,False,canon_282,R[0:2;3:2;6:1;8:2]E[0>3;3>0;3>6;3>8;6>0;6>3],0.6007861137201914,failed
a000996,rewriting_system,False,canon_027,R[0:1;1:1;4:1;5:2;8:2]E[0>5;1>5;4>8;5>0;5>8;8>4],0.44497973950170255,weak_behavioral_equivalence
a000997,differentiable_system,False,canon_199,R[0:1;4:3;5:1;7:1]E[4>5;5>0;7>4],0.5773611524323928,failed
a000999,cellular_automata,False,canon_030,R[0:1;1:1;5:3;6:1;8:1]E[1>5;5>0;5>1;5>6;5>8;6>1;6>5;8>1],0.5439521869987093,failed
a001003,symbolic_system,False,canon_515,R[4:2]E[],0.773954368472132,failed
a001009,differentiable_system,False,canon_259,R[0:2;2:1]E[2>0],0.7890506768323152,failed
a001012,hypergraph,False,canon_184,R[0:1;4:1;5:2;6:2;7:1]E[0>4;4>5;4>6;5>6;5>7;6>5;6>7;7>6],0.5659241851837665,failed
a001018,rewriting_system,False,canon_202,R[0:1;5:1;8:2]E[0>8;5>0],0.6403951029941285,failed
a001020,symbolic_system,False,canon_233,R[0:2;2:1;3:1;4:2;8:1]E[0>4;2>0;2>3;2>4;2>8;3>8;4>2;4>3;4>8],0.5719686230750562,failed
a001022,symbolic_system,False,canon_515,R[4:2]E[],0.7737516485745131,failed
a001025,probabilistic_system,False,canon_023,R[0:1;1:1;3:3;4:1;5:1;8:1]E[0>8;1>0;3>0;3>1;3>4;3>5;4>0;4>1;4>3;4>5;4>8;5>3],0.42052951801608135,weak_behavioral_equivalence
a001036,graph_system,False,canon_410,R[3:1;4:1;5:1;8:1]E[3>5;3>8;4>3;4>5;5>8],0.5357494701391394,failed
a001041,sat_based,False,canon_470,R[3:2;4:2;5:2]E[3>4;3>5;4>3;5>3;5>4],0.6174232830397667,failed
a001044,differentiable_system,False,canon_102,R[0:1;2:2;4:2;5:1;7:1]E[2>4;2>7;4>0;5>2;7>4;7>5],0.6115684272149181,failed
a001048,probabilistic_system,False,canon_265,R[0:2;3:1;4:1]E[0>3;0>4;4>0;4>3],0.634921152401652,failed
a001049,sat_based,False,canon_289,R[0:2;4:1;5:1;8:1]E[0>5;4>0;4>8;5>8],0.5470034973427119,failed
a001050,random_interaction,False,canon_175,R[0:1;3:3;6:2]E[3>0;3>6;6>3],0.6966599518086259,failed
a001052,graph_system,False,canon_445,R[3:1;5:1]E[5>3],0.7321769630107188,failed
a001056,random_interaction,False,canon_039,R[0:1;2:1;3:1;4:1;5:1]E[2>0;2>3;2>4;2>5;3>4;4>0;5>3],0.6430255869876015,failed
a001058,cellular_automata,False,canon_422,R[3:1;4:1;5:3]E[3>4;3>5;4>5;5>4],0.6378631033827102,failed
a001062,cellular_automata,False,canon_149,R[0:1;3:2;4:1;5:2;8:2]E[0>4;0>5;3>5;3>8;4>3;4>8;5>3;5>8],0.45301621671206954,weak_behavioral_equivalence
a001066,random_interaction,False,canon_034,R[0:1;1:2;3:2;4:1;5:2]E[0>1;0>5;1>3;1>5;3>5;4>0;4>1;4>3;5>1;5>3],0.43597999324214076,weak_behavioral_equivalence
a001069,symbolic_system,False,canon_507,R[4:2;5:1;8:1]E[4>5;4>8;5>4],0.5966813335175513,failed
a001070,symbolic_system,False,canon_123,R[0:1;3:1;4:2;5:1;7:1;8:1]E[0>4;3>4;3>8;4>3;4>8;5>0;7>4;7>5],0.39649964506209284,weak_behavioral_equivalence
a001071,symbolic_system,False,canon_504,R[4:2;5:1;7:1;8:1]E[4>5;4>8;5>4;7>4],0.5197689733839588,weak_behavioral_equivalence
a001076,hypergraph,False,canon_499,R[4:1;6:1]E[4>6],0.7589650888838911,failed
a001080,graph_system,False,canon_309,R[1:1;2:1;3:1;4:1;5:2;8:1]E[1>4;2>1;3>1;3>2;3>4;3>5;3>8;4>8;5>1;5>2;5>3],0.4942718735235949,weak_behavioral_equivalence
a001082,rewriting_system,False,canon_508,R[4:2;5:1]E[4>5],0.714800732460638,failed
a001088,hypergraph,False,canon_165,R[0:1;3:2;6:2]E[3>6;6>0;6>3],0.6996128168541633,failed
a001089,differentiable_system,False,canon_513,R[4:2;6:2]E[4>6;6>4],0.7487724317615436,failed
a001091,symbolic_system,False,canon_514,R[4:2;8:1]E[4>8],0.6777239214044868,failed
a001092,rewriting_system,False,canon_478,R[3:3;4:1;5:1;8:1]E[3>4;3>8;4>3;4>8;5>3;8>3],0.5359962363539255,failed
a001094,sat_based,False,canon_342,R[2:1;3:1;4:1;5:1]E[2>3;3>4;5>2;5>3],0.6915824725812003,failed
a001096,graph_system,False,canon_018,R[0:1;1:1;3:1;4:2;5:2]E[0>5;1>4;3>1;3>4;4>1;4>3;4>5;5>1;5>3;5>4],0.4458946016680097,weak_behavioral_equivalence
a001098,random_interaction,False,canon_219,R[0:2;1:1;3:1;5:2]E[0>3;0>5;1>0;3>0;3>5;5>0;5>1],0.5525475649534942,failed
a001107,random_interaction,False,canon_089,R[0:1;2:1;4:2;5:2;7:1]E[0>4;2>4;2>5;4>5;5>0;5>4;7>2;7>4],0.5902377592888565,failed
a001113,hypergraph,False,canon_329,R[1:1;4:1;5:1;8:1]E[1>5;1>8;4>8;5>4],0.5222517940699659,failed
a001114,hypergraph,False,canon_351,R[2:1;3:1;5:2;6:2;7:1]E[2>3;2>5;3>6;3>7;5>2;5>3;5>6;5>7;6>7;7>6],0.6422223628836333,failed
a001115,rewriting_system,False,canon_205,R[0:1;5:2;6:1;7:1;8:1]E[5>6;5>7;5>8;6>8;7>5;7>6;7>8;8>0],0.5268766781494671,failed
a001119,symbolic_system,False,canon_505,R[4:2;5:1;7:1;8:1]E[4>8;5>4;7>4;7>5],0.5180734109394197,weak_behavioral_equivalence
a001120,random_interaction,False,canon_141,R[0:1;3:1;8:1]E[3>0;3>8;8>0],0.6340461115362052,failed
a001123,symbolic_system,False,canon_195,R[0:1;4:2;8:1]E[0>4;4>0;4>8],0.6297449610848408,failed
a001130,probabilistic_system,False,canon_056,R[0:1;2:1;3:2;4:1;6:2]E[0>3;2>3;3>2;3>4;3>6;6>4],0.6458704365080594,failed
a001135,probabilistic_system,False,canon_164,R[0:1;3:2;6:2;8:1]E[3>6;3>8;6>8;8>0],0.6234803493462946,failed
a001144,hypergraph,False,canon_311,R[1:1;2:1;3:1;4:1;5:2;8:2]E[1>5;1>8;2>3;2>8;3>5;3>8;4>2;4>8;5>1;5>8;8>3;8>5],0.46802564003507485,weak_behavioral_equivalence
a001145,sat_based,False,canon_434,R[3:1;4:2;5:2;8:1]E[3>8;4>3;4>8;5>4],0.48522183894802245,weak_behavioral_equivalence
a001149,differentiable_system,False,canon_339,R[2:1;3:1;4:1;5:1;7:1]E[2>3;2>4;3>4;4>5;7>2],0.6282394179899937,failed
a001150,rewriting_system,False,canon_238,R[0:2;2:1;3:1;8:2]E[0>3;0>8;2>0;2>3;2>8;3>0;3>8],0.6310177215667885,failed
a001151,differentiable_system,False,canon_080,R[0:1;2:1;4:1;5:2;7:1]E[2>0;2>4;2>5;4>0;5>4;5>7;7>2;7>5],0.5766621384763123,failed
a001154,graph_system,False,canon_350,R[2:1;3:1;5:1]E[3>2;5>2;5>3],0.7420036290965402,failed
a001158,hypergraph,False,canon_140,R[0:1;3:1;6:2;8:1]E[0>8;3>6;6>0;6>3;6>8],0.635898360288929,failed
a001159,rewriting_system,False,canon_453,R[3:1;8:1]E[3>8],0.6825147299277298,failed
a001160,random_interaction,False,canon_431,R[3:1;4:1]E[4>3],0.6997204512168219,failed
a001172,probabilistic_system,False,canon_305,R[0:2;6:1]E[0>6;6>0],0.7676180285580896,failed
a001173,cellular_automata,False,canon_203,R[0:1;5:1]E[0>5],0.7305611802615956,failed
a001175,graph_system,False,canon_417,R[3:1;4:1;5:1]E[4>3;5>3;5>4],0.6145107031487568,failed
a001183,probabilistic_system,False,canon_054,R[0:1;2:1;3:2;4:1;5:2]E[0>2;0>3;0>4;2>3;2>5;3>2;3>5;4>2;4>3;4>5;5>3],0.6174062336971142,failed
a001188,probabilistic_system,False,canon_293,R[0:2;4:1;5:2;8:1]E[0>5;0>8;4>5;4>8;5>0;5>4],0.5552133469057448,failed
a001193,differentiable_system,False,canon_330,R[1:1;4:1;5:1]E[1>4;5>1],0.6180511345425165,failed
a001200,differentiable_system,False,canon_232,R[0:2;2:1;3:1;4:2;6:2]E[0>2;0>3;0>4;2>0;2>3;2>4;2>6;4>0;4>3;6>4],0.6440627912472593,failed
a001208,differentiable_system,False,canon_098,R[0:1;2:2;3:3;6:1]E[0>3;2>3;2>6;3>0;3>2;6>3],0.7046068394424345,failed
a001211,symbolic_system,False,canon_129,R[0:1;3:1;5:1;7:1;8:2]E[0>8;3>8;5>3;7>3;7>5;8>0],0.4593115522571459,weak_behavioral_equivalence
a001214,sat_based,False,canon_189,R[0:1;4:1]E[4>0],0.7289605547747111,failed
a001215,cellular_automata,False,canon_518,R[5:1;8:1]E[5>8],0.6794920546994813,failed
a001217,hypergraph,False,canon_452,R[3:1;6:2]E[3>6;6>3],0.7496650344647279,failed
a001220,differentiable_system,False,canon_003,R[0:1;1:1;2:1;3:1;4:1;5:2]E[0>1;1>4;1>5;2>0;2>4;2>5;3>2;3>4;3>5;5>2;5>4],0.5488880145217063,failed
a001223,graph_system,False,canon_073,R[0:1;2:1;3:4;5:1;8:1]E[0>3;2>3;3>0;3>2;3>5;3>8;5>0;5>2;5>3],0.5856204892625813,failed
a001225,cellular_automata,False,canon_207,R[0:1;5:2]E[0>5;5>0],0.7258875873363066,failed
a001226,probabilistic_system,False,canon_291,R[0:2;4:1;5:1;8:1]E[0>8;4>0;4>5;4>8;5>0],0.577260088309719,failed
a001228,cellular_automata,False,canon_395,R[2:1;5:2;8:1]E[2>5;2>8;5>8],0.68800753693469,failed
a001230,probabilistic_system,False,canon_134,R[0:1;3:1;5:1]E[0>5;3>0;3>5],0.674254439487475,failed
a001232,random_interaction,False,canon_168,R[0:1;3:2]E[3>0],0.729597078683307,failed
a001233,symbolic_system,False,canon_319,R[1:1;3:1;4:1;5:2;8:1]E[1>3;1>4;1>5;3>4;3>5;4>5;4>8;5>1;5>3;5>8],0.43869424015343506,weak_behavioral_equivalence
a001234,rewriting_system,False,canon_453,R[3:1;8:1]E[3>8],0.6828912299053728,failed
a001236,graph_system,False,canon_472,R[3:2;5:1;6:1;8:1]E[3>6;3>8;5>3;6>8],0.6246702520082741,failed
a001237,differentiable_system,False,canon_269,R[0:2;3:1;4:3;5:1;7:1]E[0>5;3>4;3>7;4>0;4>7;5>3;7>4],0.5190008956722407,weak_behavioral_equivalence
a001239,random_interaction,False,canon_220,R[0:2;1:1;3:2;4:1;5:1]E[0>3;0>5;1>5;3>0;3>1;3>4;4>0;5>0],0.5252852607799743,failed
a001249,graph_system,False,canon_378,R[2:1;4:1;5:1;8:1]E[4>2;4>5;5>2;5>8;8>2],0.6516487334588733,failed
a001256,rewriting_system,False,canon_482,R[3:3;4:1;6:1;8:1]E[3>6;3>8;4>3;6>3],0.6043734571919088,failed
a001260,graph_system,False,canon_413,R[3:1;4:1;5:1]E[3>4;3>5;4>5],0.6690878479762571,failed
a001261,hypergraph,False,canon_093,R[0:1;2:1;5:2;6:2;7:1;8:1]E[0>5;2>6;5>2;5>6;5>7;5>8;6>7;6>8;7>5;7>6;8>5;8>7],0.552948555327031,failed
a001268,hypergraph,False,canon_046,R[0:1;2:1;3:1;5:1;7:2;8:1]E[0>8;2>3;2>7;2>8;3>7;5>3;7>0;7>5],0.512570259544038,weak_behavioral_equivalence
a001272,sat_based,False,canon_431,R[3:1;4:1]E[4>3],0.7022163581145039,failed
a001273,hypergraph,False,canon_301,R[0:2;4:2;5:2;6:1;7:1]E[0>5;4>0;5>0;5>4;5>6;6>0;6>4;6>5;7>4;7>5;7>6],0.5777380304876492,failed
a001275,probabilistic_system,False,canon_308,R[0:2]E[],0.7895196795560165,failed
a001279,random_interaction,False,canon_426,R[3:1;4:1;6:2;8:1]E[3>6;3>8;4>8;6>4;6>8],0.5980321429792199,failed
a001283,hypergraph,False,canon_419,R[3:1;4:1;5:2;6:1;7:1;8:1]E[3>8;4>3;4>8;5>6;5>7;6>3;6>4;6>5;6>7;6>8;7>3;7>4],0.4476138610827939,weak_behavioral_equivalence
a001284,differentiable_system,False,canon_231,R[0:2;2:1;3:1;4:1;6:2]E[0>3;2>0;2>4;2>6;4>0;4>3;6>2;6>3;6>4],0.6386643400959573,failed
a001285,rewriting_system,False,canon_358,R[2:1;3:2;4:1;5:2;8:2]E[2>4;2>8;3>2;3>4;3>5;3>8;4>3;4>8;5>2;5>3;8>3],0.5706573990417244,failed
a001291,differentiable_system,False,canon_396,R[2:1;6:1]E[2>6],0.8145696539984502,failed
a001292,sat_based,False,canon_006,R[0:1;1:1;2:1;3:2;4:1;5:2]E[0>1;0>5;1>5;2>3;2>4;2>5;3>4;4>0;4>1;4>3;5>1;5>3],0.5012878338398294,weak_behavioral_equivalence
a001293,graph_system,False,canon_193,R[0:1;4:2;5:2]E[0>4;0>5;4>5;5>4],0.6380460471492208,failed
a001296,random_interaction,False,canon_414,R[3:1;4:1;5:1]E[3>4;3>5;5>4],0.6405887720654394,failed
a001298,differentiable_system,False,canon_392,R[2:1;5:1;7:1;8:1]E[2>8;5>7;7>2],0.6243415040283461,failed
a001299,differentiable_system,False,canon_253,R[0:2;2:1;4:1]E[0>4;2>0;2>4;4>0],0.7357304073841833,failed
a001307,symbolic_system,False,canon_036,R[0:1;2:1;3:1;4:1;5:1;6:1;7:1;8:1]E[0>6;2>4;3>8;4>3;4>8;5>0;5>2;5>6;6>2;6>3;6>4;7>2;7>5;7>6],0.4567367470231485,weak_behavioral_equivalence
a001308,differentiable_system,False,canon_252,R[0:2;2:1;4:1]E[0>2;0>4;2>0;2>4],0.7342383823359901,failed
a001309,symbolic_system,False,canon_514,R[4:2;8:1]E[4>8],0.678046677571477,failed
a001311,graph_system,False,canon_394,R[2:1;5:1]E[5>2],0.7859649622814621,failed
a001313,random_interaction,False,canon_067,R[0:1;2:1;3:3;4:2;6:1]E[0>3;2>0;2>3;2>4;3>0;4>3;6>2;6>3;6>4],0.6405629228537831,failed
a001319,cellular_automata,False,canon_447,R[3:1;5:2;8:1]E[3>8;5>3],0.6194245613495148,failed
a001321,symbolic_system,False,canon_502,R[4:1;8:1]E[4>8],0.6815751692496054,failed
a001325,hypergraph,False,canon_452,R[3:1;6:2]E[3>6;6>3],0.7481918689426377,failed
a001327,differentiable_system,False,canon_230,R[0:2;2:1;3:1;4:1;6:1]E[0>2;0>6;2>0;2>4;4>3;6>3;6>4],0.6592923106814739,failed
a001328,rewriting_system,False,canon_158,R[0:1;3:2;5:1;8:2]E[0>5;3>0;3>8;5>3],0.5667098282703981,failed
a001330,random_interaction,False,canon_163,R[0:1;3:2;6:1]E[0>3;3>0;3>6],0.6910637796159992,failed
a001333,random_interaction,False,canon_143,R[0:1;3:1]E[3>0],0.7339795888916602,failed
a001336,cellular_automata,False,canon_203,R[0:1;5:1]E[0>5],0.7315344391778306,failed
a001338,cellular_automata,False,canon_148,R[0:1;3:2;4:1;5:1]E[0>3;3>0;3>4;5>0;5>3],0.5986970110616154,failed
a001339,probabilistic_system,False,canon_272,R[0:2;3:1]E[0>3],0.7110902231065935,failed
a001345,random_interaction,False,canon_475,R[3:2]E[],0.7877727571475148,failed
a001350,graph_system,False,canon_094,R[0:1;2:1;5:2;7:1;8:1]E[0>7;2>5;2>8;5>8;7>2;7>5],0.5786075835510418,failed
a001357,probabilistic_system,False,canon_304,R[0:2;5:1]E[0>5;5>0],0.7301538085197371,failed
a001364,rewriting_system,False,canon_490,R[4:1;5:1;8:1]E[4>8;5>4],0.5987699826343171,failed
a001366,symbolic_system,False,canon_195,R[0:1;4:2;8:1]E[0>4;4>0;4>8],0.624326853043011,failed
a001368,cellular_automata,False,canon_203,R[0:1;5:1]E[0>5],0.731001130034007,failed
a001375,sat_based,False,canon_416,R[3:1;4:1;5:1]E[4>3;4>5;5>3],0.6491648650872948,failed
a001376,random_interaction,False,canon_143,R[0:1;3:1]E[3>0],0.7338788958775923,failed
a001378,probabilistic_system,False,canon_276,R[0:2;3:2;4:1;8:1]E[0>3;0>8;3>0;3>4;3>8;4>3],0.5317127055606444,failed
a001379,hypergraph,False,canon_338,R[1:2;5:1]E[5>1],0.6469782885743621,failed
a001382,graph_system,False,canon_432,R[3:1;4:2;5:1]E[4>3;5>3;5>4],0.6109082990753311,failed
a001388,cellular_automata,False,canon_524,R[5:2]E[],0.7770087689970633,failed
a001389,probabilistic_system,False,canon_255,R[0:2;2:1;4:1]E[2>0;2>4;4>0],0.7381366771342279,failed
a001390,rewriting_system,False,canon_527,R[8:2]E[],0.7562936341711354,failed
a001393,rewriting_system,True,canon_008,R[0:1;1:1;2:1;4:1;5:2;8:1]E[0>5;1>0;1>5;2>0;2>4;2>5;2>8;4>5;4>8;5>1;5>8],0.4828647249786096,weak_behavioral_equivalence
a001394,differentiable_system,False,canon_502,R[4:1;8:1]E[4>8],0.6833449635076767,failed
a001398,graph_system,False,canon_249,R[0:2;2:1;4:1;5:1;7:1]E[2>0;2>4;2>7;4>0;5>4;7>4;7>5],0.5937145729960392,failed
a001403,rewriting_system,False,canon_516,R[4:3;5:1;8:1]E[5>8;8>4],0.6182021766557062,failed
a001406,sat_based,False,canon_515,R[4:2]E[],0.7792396854574705,failed
a001410,graph_system,False,canon_190,R[0:1;4:2;5:1;7:1]E[0>4;5>0;7>4;7>5],0.5820394252186496,failed
a001414,hypergraph,False,canon_442,R[3:1;5:1;6:2]E[3>5;3>6;6>3;6>5],0.6922721235455811,failed
a001417,random_interaction,False,canon_270,R[0:2;3:1;5:1;7:1]E[3>0;5>3;7>5],0.6033352055753788,failed
a001422,rewriting_system,False,canon_132,R[0:1;3:1;5:1;8:2]E[3>8;5>3;5>8;8>0],0.5389530743323389,failed
a001424,differentiable_system,False,canon_085,R[0:1;2:1;4:2;5:1;7:2]E[0>5;2>4;4>0;4>7;7>2;7>4;7>5],0.5900701324814088,failed
a001426,probabilistic_system,False,canon_283,R[0:2;3:2]E[0>3;3>0],0.7131806932125704,failed
a001429,sat_based,False,canon_500,R[4:1;6:1]E[6>4],0.7681721269580537,failed
a001435,differentiable_system,False,canon_097,R[0:1;2:2;3:1;4:1;5:2]E[2>0;2>4;2>5;3>2;3>4;3>5;4>0;5>0;5>2;5>4],0.6280230368953263,failed
a001440,cellular_automata,False,canon_151,R[0:1;3:2;4:1;5:2]E[3>5;4>0;5>3;5>4],0.5962522680748786,failed
a001441,symbolic_system,False,canon_196,R[0:1;4:2;8:1]E[0>4;4>8],0.6246881154162749,failed
a001442,random_interaction,False,canon_128,R[0:1;3:1;5:1;6:2;8:1]E[3>5;5>0;5>6;6>3;6>8;8>0],0.5856352480590067,failed
a001443,probabilistic_system,False,canon_290,R[0:2;4:1;5:1;8:1]E[0>5;4>0;5>8;8>4],0.5777027666011324,failed
a001446,rewriting_system,False,canon_019,R[0:1;1:1;3:2;4:1;5:1;8:1]E[0>3;1>4;3>1;3>4;3>5;3>8;4>8;5>3],0.3916252385170881,weak_behavioral_equivalence
a001454,differentiable_system,False,canon_083,R[0:1;2:1;4:2;5:1;6:1;7:1]E[0>6;2>4;4>2;4>5;4>6;4>7;5>0;7>2;7>4;7>5;7>6],0.6194718073899409,failed
a001460,sat_based,False,canon_069,R[0:1;2:1;3:3;5:2]E[0>3;2>3;2>5;3>0;3>5;5>3],0.6637768813956906,failed
a001461,cellular_automata,False,canon_185,R[0:1;4:1;5:2;8:1]E[0>5;5>8;8>4],0.5743376484949895,failed
a001463,differentiable_system,False,canon_216,R[0:2;1:1;2:1;4:2;5:1;8:1]E[0>4;0>5;1>4;2>0;2>4;4>0;5>8;8>1],0.5199401988303367,weak_behavioral_equivalence
a001471,symbolic_system,False,canon_502,R[4:1;8:1]E[4>8],0.681160305639331,failed
a001480,rewriting_system,False,canon_490,R[4:1;5:1;8:1]E[4>8;5>4],0.5963322996080103,failed
a001482,sat_based,False,canon_479,R[3:3;4:1;5:1]E[3>5;4>3;5>3],0.6519910303781389,failed
a001488,hypergraph,False,canon_210,R[0:1;6:2]E[0>6],0.7493458739906199,failed
a001490,random_interaction,False,canon_279,R[0:2;3:2;5:1;7:1;8:1]E[0>3;3>0;3>5;3>7;3>8;5>8;7>0;8>0],0.4474383640669465,weak_behavioral_equivalence
a001492,symbolic_system,False,canon_360,R[2:1;3:2;4:1;6:1;8:2]E[2>3;2>6;2>8;3>4;3>8;4>8;6>3;6>8;8>4],0.6325752836415367,failed
a001494,hypergraph,False,canon_452,R[3:1;6:2]E[3>6;6>3],0.7492818675941871,failed
a001502,probabilistic_system,False,canon_371,R[2:1;3:4;4:1;5:1;7:1]E[2>3;3>4;4>2;4>3;4>7;5>2;7>5],0.6124833804527574,failed
a001507,probabilistic_system,False,canon_173,R[0:1;3:3;4:1;5:2;8:1]E[0>3;0>5;3>0;3>5;4>3;4>8;5>4;5>8;8>3],0.4470988550823733,weak_behavioral_equivalence
a001508,cellular_automata,False,canon_335,R[1:1;5:3]E[1>5;5>1],0.6663058182285494,failed
a001511,differentiable_system,False,canon_375,R[2:1;4:1;5:1;7:1]E[2>4;5>7;7>2],0.6437101068034853,failed
a001512,hypergraph,False,canon_443,R[3:1;5:1;6:2]E[3>6;5>3;5>6;6>3],0.6859314632974824,failed
a001514,sat_based,False,canon_359,R[2:1;3:2;4:1;5:2]E[2>3;3>5;4>2;4>3;5>3;5>4],0.6481572553579602,failed
a001518,probabilistic_system,False,canon_294,R[0:2;4:1;6:1]E[0>4;4>6;6>0],0.713788394553985,failed
a001521,random_interaction,False,canon_277,R[0:2;3:2;4:1]E[0>3;3>0;3>4;4>0;4>3],0.6330408937083978,failed
a001524,hypergraph,False,canon_526,R[6:2]E[],0.8040919392307759,failed
a001527,probabilistic_system,False,canon_272,R[0:2;3:1]E[0>3],0.7116408349665571,failed
a001530,rewriting_system,False,canon_302,R[0:2;4:2;5:2;8:1]E[0>4;0>5;4>8;5>4;8>0;8>4],0.5534989005943602,failed
a001537,graph_system,False,canon_380,R[2:1;4:1;5:1]E[4>2;4>5;5>2],0.7311756385025102,failed
a001538,probabilistic_system,False,canon_264,R[0:2;3:1;4:1;8:2]E[0>4;0>8;3>0;4>3;4>8;8>3],0.5600090235126268,failed
a001540,rewriting_system,False,canon_354,R[2:1;3:2;4:1;5:1]E[2>3;2>4;4>3;4>5;5>3],0.6622522321516985,failed
a001542,hypergraph,False,canon_275,R[0:2;3:2;4:1;6:2]E[0>3;3>6;4>0;4>3;4>6;6>0;6>3],0.608978626242331,failed
a001553,sat_based,False,canon_042,R[0:1;2:1;3:1;4:1;5:2;8:1]E[0>4;0>5;2>0;2>3;2>4;4>3;4>8;5>2;5>3;5>8;8>5],0.5176756491300138,weak_behavioral_equivalence
a001561,sat_based,False,canon_485,R[3:3;5:1;8:2]E[3>5;3>8;5>3;5>8;8>3],0.6041060406927103,failed
a001564,probabilistic_system,False,canon_247,R[0:2;2:1;4:1;5:1;6:1;7:1]E[0>4;0>7;2>0;2>5;2>6;5>0;6>0;6>4;6>7;7>5],0.6164586740325535,failed
a001567,rewriting_system,False,canon_453,R[3:1;8:1]E[3>8],0.6824584985063925,failed
a001568,differentiable_system,False,canon_393,R[2:1;5:1]E[2>5],0.7826464378179745,failed
a001569,random_interaction,False,canon_153,R[0:1;3:2;4:1;6:2;8:1]E[0>6;3>4;3>6;3>8;4>0;4>6;6>3;6>8],0.5728409143305692,failed
a001582,random_interaction,False,canon_266,R[0:2;3:1;4:1]E[0>3;3>0;4>0;4>3],0.6311023902312575,failed
a001583,probabilistic_system,False,canon_241,R[0:2;2:1;3:2;4:2;6:1]E[0>3;0>4;2>0;2>3;2>4;4>0;4>2;4>3;4>6;6>2;6>3;6>4],0.6581183928061097,failed
a001590,differentiable_system,False,canon_062,R[0:1;2:1;3:2;5:1;6:1;7:1;8:1]E[0>3;2>0;2>3;2>6;2>7;3>0;5>8;6>3;7>3;7>5;7>6;8>6],0.4950343720400169,weak_behavioral_equivalence
a001592,rewriting_system,False,canon_527,R[8:2]E[],0.7560305996205329,failed
a001603,random_interaction,False,canon_451,R[3:1;6:1]E[3>6],0.7668478099393039,failed
a001604,probabilistic_system,False,canon_303,R[0:2;5:1;8:2]E[0>5;0>8;5>0],0.6460165279505341,failed
a001605,probabilistic_system,False,canon_369,R[2:1;3:3;4:2;6:2]E[3>2;3>6;4>2;4>3;4>6;6>3;6>4],0.6913383022369469,failed
a001606,symbolic_system,False,canon_490,R[4:1;5:1;8:1]E[4>8;5>4],0.6005585365810806,failed
a001613,hypergraph,False,canon_401,R[2:2;3:2;6:2;8:1]E[2>3;2>6;3>2;3>8;6>3],0.678776882014012,failed
a001620,probabilistic_system,False,canon_176,R[0:1;3:3;8:2]E[0>3;0>8;3>0;3>8;8>3],0.6134684794406217,failed
a001624,cellular_automata,False,canon_204,R[0:1;5:1]E[5>0],0.7312800699235351,failed
a001625,hypergraph,False,canon_010,R[0:1;1:1;2:1;5:3]E[0>5;1>0;2>5;5>1],0.6323615808513577,failed
a001628,probabilistic_system,False,canon_272,R[0:2;3:1]E[0>3],0.7115559755581513,failed
a001629,differentiable_system,False,canon_491,R[4:1;5:1]E[4>5],0.7271816012138133,failed
a001630,differentiable_system,False,canon_084,R[0:1;2:1;4:2;5:1;7:2;8:1]E[0>8;2>7;2>8;4>0;4>2;4>8;5>4;5>7;7>4;7>5],0.47426273123246193,weak_behavioral_equivalence
a001632,symbolic_system,False,canon_492,R[4:1;5:1]E[5>4],0.6960299945733595,failed
a001636,rewriting_system,False,canon_454,R[3:1;8:2]E[3>8],0.6769079879620645,failed
a001637,hypergraph,False,canon_186,R[0:1;4:1;6:2]E[4>6;6>0],0.6994729445737017,failed
a001643,hypergraph,False,canon_526,R[6:2]E[],0.795376415363296,failed
a001648,rewriting_system,False,canon_405,R[3:1;4:1;5:1;6:1;7:1;8:1]E[3>5;3>6;3>8;5>7;5>8;6>4;6>8;7>6;7>8;8>4],0.48441909769046726,weak_behavioral_equivalence
a001651,rewriting_system,False,canon_495,R[4:1;5:2]E[4>5;5>4],0.6863701851098397,failed
a001655,random_interaction,False,canon_150,R[0:1;3:2;4:1;5:2]E[3>4;3>5;4>5;5>0;5>3],0.6164503515594452,failed
a001656,probabilistic_system,False,canon_122,R[0:1;3:1;4:1]E[0>4;4>3],0.6512391666608457,failed
a001660,differentiable_system,False,canon_387,R[2:1;4:1;6:1]E[4>2;6>4],0.7674100353050469,failed
a001667,cellular_automata,False,canon_206,R[0:1;5:2;8:1]E[5>0;5>8;8>0],0.622733536997351,failed
a001668,graph_system,False,canon_177,R[0:1;3:3]E[0>3;3>0],0.7035942886913134,failed
a001673,differentiable_system,False,canon_355,R[2:1;3:2;4:1;5:2;7:1]E[2>3;2>4;2>5;3>4;3>5;4>5;5>3;7>2;7>3;7>5],0.6114723431470408,failed
a001676,cellular_automata,False,canon_182,R[0:1;4:1;5:1]E[0>4;0>5;4>5],0.6635667078243005,failed
a001680,random_interaction,False,canon_458,R[3:2;4:1;5:1]E[3>4;3>5;5>3],0.6758243223929595,failed
a001685,rewriting_system,False,canon_484,R[3:3;4:1;8:2]E[3>4;3>8;4>3;4>8;8>3],0.582851774407656,failed
a001686,cellular_automata,False,canon_518,R[5:1;8:1]E[5>8],0.680968597939087,failed
a001688,hypergraph,False,canon_483,R[3:3;4:1;6:2;8:1]E[3>6;3>8;4>3;4>6;6>3],0.5966304128867413,failed
a001690,random_interaction,False,canon_060,R[0:1;2:1;3:2;4:2;5:1;8:1]E[0>5;0>8;2>0;2>3;2>4;3>0;3>2;3>4;3>5;4>0;4>2;4>3;8>3;8>5],0.5682124046859177,failed
a001691,probabilistic_system,False,canon_258,R[0:2;2:1;6:2;8:1]E[0>2;0>6;2>8;6>0],0.7025707590392103,failed
a001692,cellular_automata,False,canon_524,R[5:2]E[],0.7828578793465807,failed
a001694,probabilistic_system,False,canon_222,R[0:2;1:1;5:1]E[0>1;0>5;1>0],0.6489216204627701,failed
a001698,graph_system,False,canon_491,R[4:1;5:1]E[4>5],0.7205261775473473,failed
a001702,cellular_automata,False,canon_015,R[0:1;1:1;3:1;4:1;5:2]E[0>4;0>5;1>5;3>4;3>5;4>1;5>0],0.5071259617062599,weak_behavioral_equivalence
a001703,hypergraph,False,canon_487,R[3:4;5:1;8:2]E[3>8;5>3],0.5769266001655763,failed
a001709,rewriting_system,False,canon_156,R[0:1;3:2;4:1;8:2]E[3>4;3>8;4>8;8>0;8>4],0.5540412008663196,failed
a001719,cellular_automata,False,canon_320,R[1:1;3:1;4:1;5:2;8:1]E[1>4;3>5;5>1;5>8;8>5],0.4690472232891923,weak_behavioral_equivalence
a001722,symbolic_system,False,canon_514,R[4:2;8:1]E[4>8],0.6767686025838056,failed
a001724,random_interaction,False,canon_403,R[2:2;4:1;6:1]E[2>6;4>2;6>2;6>4],0.7694508822698557,failed
a001727,graph_system,False,canon_002,R[0:1;1:1;2:1;3:1;4:1;5:1]E[1>2;2>0;3>1;4>1;4>2;4>3;4>5;5>2;5>3],0.524988138965806,failed
a001728,graph_system,False,canon_169,R[0:1;3:3;4:1;5:1;6:1;8:1]E[0>4;3>5;3>6;3>8;4>3;4>8;5>6;6>8;8>3],0.4985989375475235,weak_behavioral_equivalence
a001731,random_interaction,False,canon_250,R[0:2;2:1;4:1;5:1]E[0>4;2>0;2>4;4>0;5>2],0.6838561022749357,failed
a001734,hypergraph,False,canon_526,R[6:2]E[],0.8036600911457005,failed
a001735,cellular_automata,False,canon_114,R[0:1;3:1;4:1;5:3;8:1]E[0>5;3>4;3>5;3>8;4>8;5>3;5>4],0.478322692651719,weak_behavioral_equivalence
a001739,cellular_automata,False,canon_524,R[5:2]E[],0.7788518279888758,failed
a001740,differentiable_system,False,canon_009,R[0:1;1:1;2:1;4:2;5:2;8:1]E[1>5;2>0;2>4;2>5;4>0;4>2;5>0;5>1;5>4;5>8;8>1],0.4883869635945318,weak_behavioral_equivalence
a001743,rewriting_system,False,canon_357,R[2:1;3:2;4:1;5:2;8:2]E[2>3;2>5;3>4;3>5;3>8;4>8;5>3;8>4],0.5835047163142161,failed
a001745,graph_system,False,canon_455,R[3:2;4:1;5:1;6:1;7:1;8:1]E[3>5;3>6;3>8;4>3;4>6;5>3;6>3;6>5;7>3;7>4;7>5;7>6],0.4903189705236572,weak_behavioral_equivalence
a001751,cellular_automata,False,canon_032,R[0:1;1:1;5:3]E[0>5;1>5;5>0;5>1],0.6240283429884603,failed
a001752,symbolic_system,False,canon_506,R[4:2;5:1;8:1]E[4>5;4>8;5>4;5>8],0.574117474414474,failed
a001755,differentiable_system,False,canon_099,R[0:1;2:2;4:1;5:1;6:1;7:1]E[2>0;2>4;2>5;2>7;4>0;5>0;5>6;6>4;7>2;7>6],0.6239159593559463,failed
a001756,random_interaction,False,canon_016,R[0:1;1:1;3:1;4:1;5:3]E[1>3;1>4;3>4;4>5;5>0;5>1],0.48860678247877865,weak_behavioral_equivalence
a001757,symbolic_system,False,canon_458,R[3:2;4:1;5:1]E[3>4;3>5;5>3],0.6691157028033389,failed
a001759,graph_system,False,canon_203,R[0:1;5:1]E[0>5],0.7251617643123617,failed
a001761,differentiable_system,False,canon_040,R[0:1;2:1;3:1;4:1;5:2;7:1]E[0>4;2>0;4>3;5>2;5>7;7>5],0.5262485378705316,failed
a001767,rewriting_system,False,canon_430,R[3:1;4:1;8:2]E[3>8;4>3;4>8],0.5703794089294942,failed
a001770,symbolic_system,False,canon_333,R[1:1;4:2;5:2]E[1>4;1>5;5>1;5>4],0.579883295619547,failed
a001775,cellular_automata,False,canon_012,R[0:1;1:1;3:1;4:1;5:1]E[0>4;1>3;1>4;3>0;3>4;5>0;5>1;5>3],0.4947255837404884,weak_behavioral_equivalence
a001781,sat_based,False,canon_011,R[0:1;1:1;3:1;4:1;5:1]E[0>1;1>5;4>0;4>3;5>3],0.5140176770046586,weak_behavioral_equivalence
a001784,sat_based,False,canon_415,R[3:1;4:1;5:1]E[3>4;5>3],0.6763737822958753,failed
a001790,hypergraph,False,canon_406,R[3:1;4:1;5:1;6:2;8:1]E[3>5;3>6;4>5;4>6;4>8;5>6;6>3;6>8],0.5697967139941535,failed
a001791,graph_system,False,canon_160,R[0:1;3:2;5:2;8:1]E[3>0;3>5;3>8;5>0;5>3;5>8;8>0],0.5630823330936865,failed
a001800,symbolic_system,False,canon_511,R[4:2;6:1;8:1]E[4>8;6>4],0.6688251005488518,failed
a001803,graph_system,False,canon_316,R[1:1;2:1;5:1;8:1]E[1>2;2>8;5>1;5>2],0.613495578607983,failed
a001812,sat_based,False,canon_172,R[0:1;3:3;4:1;5:1]E[0>3;3>4;4>0;4>3;5>3],0.5668470706339919,failed
a001814,random_interaction,False,canon_170,R[0:1;3:3;4:1;5:1;6:1;8:1]E[3>0;3>4;3>6;4>5;4>8;5>8;6>4;6>8;8>0],0.5169061346673341,weak_behavioral_equivalence
a001818,differentiable_system,False,canon_500,R[4:1;6:1]E[6>4],0.7678685915265773,failed
a001819,cellular_automata,False,canon_524,R[5:2]E[],0.7819000642484782,failed
a001823,differentiable_system,False,canon_346,R[2:1;3:1;4:1;6:1]E[2>3;2>4;2>6;3>4;6>3],0.7316325476456962,failed
a001826,symbolic_system,False,canon_297,R[0:2;4:1;8:1]E[0>4;4>8],0.6335905436504173,failed
a001827,cellular_automata,False,canon_088,R[0:1;2:1;4:2;5:2;6:1;7:1]E[0>5;2>4;4>6;4>7;5>2;5>4;5>6;5>7;6>0;6>4;6>5;7>5;7>6],0.5789113143651393,failed
a001832,graph_system,False,canon_215,R[0:2;1:1;2:1;3:1;5:1;8:2]E[0>2;0>3;1>0;2>0;2>3;2>5;2>8;3>8;5>1;5>8;8>1],0.48262271246564714,weak_behavioral_equivalence
a001833,cellular_automata,False,canon_203,R[0:1;5:1]E[0>5],0.7302497959873543,failed
a001835,random_interaction,False,canon_178,R[0:1;3:5;5:1;7:1]E[0>3;3>0;3>7;5>3;7>3;7>5],0.5532322568195708,failed
a001836,sat_based,False,canon_520,R[5:2;6:1;7:1]E[5>6;6>5;7>5;7>6],0.6986988116710956,failed
a001839,symbolic_system,False,canon_489,R[4:1;5:1;6:1;8:1]E[5>6;6>4;6>8;8>4],0.6430447504212562,failed
a001841,cellular_automata,False,canon_137,R[0:1;3:1;5:2]E[0>5;5>0;5>3],0.6737053914603426,failed
a001842,rewriting_system,False,canon_411,R[3:1;4:1;5:1;8:1]E[3>5;3>8;4>3;4>8;5>8],0.5015848879455302,weak_behavioral_equivalence
a001843,differentiable_system,False,canon_229,R[0:2;2:1;3:1;4:1;6:1;8:1]E[0>4;0>8;2>4;2>6;2>8;4>0;4>3;4>8;6>0;8>3],0.5894171042193106,failed
a001844,random_interaction,False,canon_159,R[0:1;3:2;5:1]E[3>0;3>5;5>3],0.6736347736121859,failed
a001847,sat_based,False,canon_179,R[0:1;4:1;5:1;6:1;7:1;8:1]E[0>8;4>5;4>6;5>6;5>7;5>8;6>0;6>7;8>7],0.48067720764157695,weak_behavioral_equivalence
a001857,differentiable_system,False,canon_500,R[4:1;6:1]E[6>4],0.7691712714636582,failed
a001858,random_interaction,False,canon_131,R[0:1;3:1;5:1;8:2]E[0>8;3>0;3>8;5>8;8>3],0.5598757077092665,failed
a001860,symbolic_system,False,canon_515,R[4:2]E[],0.7742669338415898,failed
a001863,differentiable_system,False,canon_490,R[4:1;5:1;8:1]E[4>8;5>4],0.6010977080350365,failed
a001866,graph_system,False,canon_394,R[2:1;5:1]E[5>2],0.7846307307912197,failed
a001872,sat_based,False,canon_492,R[4:1;5:1]E[5>4],0.7056839091320901,failed
a001874,symbolic_system,False,canon_139,R[0:1;3:1;6:1;8:1]E[0>6;3>8;6>3],0.6216885662978019,failed
a001876,hypergraph,False,canon_381,R[2:1;4:1;5:2;6:1;7:1]E[2>6;4>2;4>6;5>4;5>6;5>7;6>5;6>7;7>5],0.6196083499668852,failed
a001880,graph_system,False,canon_331,R[1:1;4:1;5:1]E[4>1;4>5;5>1],0.5906650008988287,failed
a001881,cellular_automata,False,canon_313,R[1:1;2:1;4:1;5:1;8:1]E[1>4;2>4;2>5;5>8;8>1],0.5726842520576042,failed
a001882,probabilistic_system,False,canon_109,R[0:1;3:1;4:1;5:1;8:1]E[0>8;3>0;3>5;3>8;4>0;4>8;5>4],0.48422560870129167,weak_behavioral_equivalence
a001883,rewriting_system,False,canon_280,R[0:2;3:2;5:1;8:2]E[0>3;3>8;5>0;8>0],0.5446135295122363,failed
a001884,cellular_automata,False,canon_517,R[5:1;6:1;8:1]E[5>6;6>8],0.690148184147476,failed
a001886,graph_system,False,canon_157,R[0:1;3:2;4:2;5:2]E[0>3;3>4;3>5;4>3;4>5;5>3;5>4],0.5491875915868522,failed
a001887,cellular_automata,False,canon_492,R[4:1;5:1]E[5>4],0.6923985409831551,failed
a001903,random_interaction,False,canon_063,R[0:1;2:1;3:2;8:1]E[2>3;3>2;3>8;8>0],0.6568761175859743,failed
a001906,rewriting_system,False,canon_424,R[3:1;4:1;6:1;8:2]E[3>4;3>8;4>8;6>3;8>4],0.6032695253122066,failed
a001907,sat_based,False,canon_328,R[1:1;3:5;5:1;8:1]E[1>3;3>1;3>5;3>8;5>3],0.5208849987044373,failed
a001915,graph_system,False,canon_367,R[2:1;3:3;4:2;5:1;8:1]E[2>3;2>8;3>2;3>4;3>5;4>2;4>3;5>2;5>3;5>4;8>3],0.5939118714500713,failed
a001920,differentiable_system,False,canon_385,R[2:1;4:1;6:1]E[2>6;4>2;4>6],0.7660911022943871,failed
a001922,random_interaction,False,canon_167,R[0:1;3:2]E[0>3;3>0],0.7063409691813786,failed
a001923,random_interaction,False,canon_168,R[0:1;3:2]E[3>0],0.7323742464210734,failed
a001928,differentiable_system,False,canon_058,R[0:1;2:1;3:2;4:1]E[0>4;2>0;2>4;3>2;3>4;4>3],0.6690217377888449,failed
a001929,symbolic_system,False,canon_423,R[3:1;4:1;6:1;8:1]E[3>4;3>8;4>8;6>3],0.602629877341183,failed
a001932,cellular_automata,False,canon_053,R[0:1;2:1;3:2;4:1;5:2;8:1]E[0>3;2>0;2>3;2>5;2>8;3>0;3>2;3>5;3>8;4>3;4>8;5>0;5>2;5>4],0.4939364048571889,weak_behavioral_equivalence
a001936,graph_system,False,canon_343,R[2:1;3:1;4:1;5:1]E[2>3;4>2;4>3;4>5;5>2],0.6604183927360202,failed
a001937,random_interaction,False,canon_168,R[0:1;3:2]E[3>0],0.7315816812043381,failed
a001943,symbolic_system,False,canon_498,R[4:1;6:1;8:1]E[4>8;6>4],0.6739484238061532,failed
a001948,symbolic_system,False,canon_437,R[3:1;4:2]E[4>3],0.6945379607112532,failed
a001949,random_interaction,False,canon_268,R[0:2;3:1;4:2]E[0>4;3>0;3>4;4>0],0.6708420815084516,failed
a001951,hypergraph,False,canon_446,R[3:1;5:2;6:2;7:1;8:1]E[3>5;3>6;3>7;5>6;5>7;5>8;6>5;6>7;7>6;8>7],0.5508932548912849,failed
a001952,symbolic_system,False,canon_436,R[3:1;4:2;8:1]E[3>8;4>3;4>8],0.5730091177210946,failed
a001954,differentiable_system,False,canon_180,R[0:1;4:1;5:1;7:1]E[4>0;5>4;7>5],0.5645627013509446,failed
a001955,cellular_automata,False,canon_449,R[3:1;5:2]E[3>5;5>3],0.725934723495072,failed
a001956,probabilistic_system,False,canon_308,R[0:2]E[],0.7861576628531904,failed
a001957,probabilistic_system,False,canon_298,R[0:2;4:1;8:1]E[0>8;4>0;8>4],0.6614001823591372,failed
a001958,hypergraph,False,canon_443,R[3:1;5:1;6:2]E[3>6;5>3;5>6;6>3],0.6851839915496104,failed
a001961,sat_based,False,canon_471,R[3:2;5:1;6:1;7:1;8:2]E[3>5;3>8;5>6;5>7;5>8;6>3;7>3;7>6;8>7],0.4975915323012622,weak_behavioral_equivalence
a001967,differentiable_system,False,canon_267,R[0:2;3:1;4:2;5:1;6:1;7:1]E[0>3;0>7;3>0;3>6;4>0;4>3;4>6;5>4;6>4;7>5;7>6],0.5100516450322942,weak_behavioral_equivalence
a001968,graph_system,False,canon_461,R[3:2;4:1;5:2;8:1]E[3>8;4>3;4>5;4>8;5>3],0.5315897163251693,failed
a001969,hypergraph,False,canon_106,R[0:1;3:1;4:1;5:1;6:1;7:1;8:1]E[0>4;3>5;3>6;3>7;3>8;4>3;4>6;4>8;5>7;6>8;7>6],0.4073325438003249,weak_behavioral_equivalence
a001976,cellular_automata,False,canon_450,R[3:1;5:3]E[3>5;5>3],0.7264239944252078,failed
a001980,cellular_automata,False,canon_203,R[0:1;5:1]E[0>5],0.729536060688682,failed
a001984,probabilistic_system,False,canon_218,R[0:2;1:1;3:1;4:1;5:2;8:1]E[0>4;0>5;1>5;1>8;3>8;4>3;4>5;4>8;5>0;5>1;5>3;5>8;8>0],0.36204587803373384,quotient_or_refinement_morphism
a001986,hypergraph,False,canon_439,R[3:1;5:1;6:2;8:1]E[3>5;3>6;5>6;6>3;6>8],0.6176491805006435,failed
a001988,differentiable_system,False,canon_515,R[4:2]E[],0.7794065941550461,failed
a001989,differentiable_system,False,canon_059,R[0:1;2:1;3:2;4:2;5:1;7:1]E[0>7;2>4;2>5;3>2;3>4;4>3;5>4;7>3;7>4],0.4895256396899438,weak_behavioral_equivalence
a001990,hypergraph,False,canon_223,R[0:2;1:1;5:2]E[0>1;0>5;1>0;5>0],0.6390898420565573,failed
a001997,hypergraph,False,canon_127,R[0:1;3:1;5:1;6:1;7:1;8:1]E[0>8;3>7;6>5;7>5;7>6;8>3;8>5],0.5330385245540559,failed
a001998,graph_system,False,canon_363,R[2:1;3:3;4:1;5:1;8:2]E[2>3;2>4;2>5;3>2;3>4;3>5;3>8;4>8;5>3;5>4;5>8;8>3],0.5617849911188764,failed
a001999,symbolic_system,False,canon_502,R[4:1;8:1]E[4>8],0.686805589087094,failed
e000696,symbolic_system,False,canon_225,R[0:2;2:1;3:1;4:1;5:1;7:1;8:2]E[0>5;0>8;2>0;2>5;2>8;3>0;3>2;3>4;3>8;5>8;7>3;7>5;8>2;8>4;8>5],0.44572906855738975,weak_behavioral_equivalence
e000801,symbolic_system,False,canon_225,R[0:2;2:1;3:1;4:1;5:1;7:1;8:2]E[0>5;0>8;2>0;2>5;2>8;3>0;3>2;3>4;3>8;5>8;7>3;7>5;8>2;8>4;8>5],0.44625019820555445,weak_behavioral_equivalence
e000917,symbolic_system,False,canon_225,R[0:2;2:1;3:1;4:1;5:1;7:1;8:2]E[0>5;0>8;2>0;2>5;2>8;3>0;3>2;3>4;3>8;5>8;7>3;7>5;8>2;8>4;8>5],0.44614743361465303,weak_behavioral_equivalence
e000961,symbolic_system,True,canon_043,R[0:1;2:1;3:1;4:2;5:1;7:1;8:1]E[0>8;2>5;3>4;4>0;4>2;4>3;5>3;7>2;7>4;7>5;8>2;8>5],0.4741217909409975,weak_behavioral_equivalence
e000976,symbolic_system,False,canon_000,R[0:1;1:1;2:1;3:1;4:1;5:1;7:1;8:2]E[0>8;1>2;1>5;2>5;2>8;3>0;3>1;3>2;3>4;3>8;5>8;7>1;7>2;7>3;7>5;8>1;8>2;8>4;8>5],0.3825629741744789,weak_behavioral_equivalence
e001008,symbolic_system,False,canon_064,R[0:1;2:1;3:3;4:1;5:1;7:1;8:1]E[0>3;2>0;2>3;3>2;3>4;3>5;3>8;4>8;5>2;5>3;5>8;7>2;7>3],0.4085219203298114,weak_behavioral_equivalence
e001011,symbolic_system,False,canon_048,R[0:1;2:1;3:2;4:1;5:1;7:1;8:1]E[0>3;2>0;2>3;3>2;3>4;3>5;3>8;4>8;5>2;5>8;7>2;7>3],0.4020805655511971,weak_behavioral_equivalence
e001029,symbolic_system,True,canon_050,R[0:1;2:1;3:2;4:1;5:1;7:1;8:2]E[0>8;2>5;2>8;3>0;3>2;3>4;3>8;5>3;7>2;7>3;7>5;8>2;8>4;8>5],0.4556939042880243,weak_behavioral_equivalence
e001088,symbolic_system,False,canon_049,R[0:1;2:1;3:2;4:1;5:1;7:1;8:2]E[0>3;2>0;2>3;2>5;3>2;3>4;3>5;3>8;5>8;7>2;7>3;7>5;8>2;8>4;8>5],0.425319739520625,weak_behavioral_equivalence
e001106,symbolic_system,False,canon_225,R[0:2;2:1;3:1;4:1;5:1;7:1;8:2]E[0>5;0>8;2>0;2>5;2>8;3>0;3>2;3>4;3>8;5>8;7>3;7>5;8>2;8>4;8>5],0.4457952009376657,weak_behavioral_equivalence
e001117,symbolic_system,True,canon_242,R[0:2;2:1;3:3;4:1;5:1;7:1;8:2]E[0>2;0>3;2>3;2>4;2>5;3>0;3>2;3>4;3>5;3>8;4>0;4>3;4>8;5>8;7>3;8>3],0.40038180000273416,weak_behavioral_equivalence
e001137,symbolic_system,True,canon_050,R[0:1;2:1;3:2;4:1;5:1;7:1;8:2]E[0>8;2>5;2>8;3>0;3>2;3>4;3>8;5>3;7>2;7>3;7>5;8>2;8>4;8>5],0.45564436002585595,weak_behavioral_equivalence
e001156,symbolic_system,False,canon_225,R[0:2;2:1;3:1;4:1;5:1;7:1;8:2]E[0>5;0>8;2>0;2>5;2>8;3>0;3>2;3>4;3>8;5>8;7>3;7>5;8>2;8>4;8>5],0.44579417575728775,weak_behavioral_equivalence
e001161,symbolic_system,False,canon_225,R[0:2;2:1;3:1;4:1;5:1;7:1;8:2]E[0>5;0>8;2>0;2>5;2>8;3>0;3>2;3>4;3>8;5>8;7>3;7>5;8>2;8>4;8>5],0.4459807207260985,weak_behavioral_equivalence
e001182,symbolic_system,True,canon_065,R[0:1;2:1;3:3;4:1;5:1;7:1;8:2]E[0>8;2>3;2>5;2>8;3>0;3>2;3>4;3>5;3>8;5>3;7>2;7>3;7>5;8>2;8>4;8>5],0.45800738094280086,weak_behavioral_equivalence
e001203,symbolic_system,False,canon_064,R[0:1;2:1;3:3;4:1;5:1;7:1;8:1]E[0>3;2>0;2>3;3>2;3>4;3>5;3>8;4>8;5>2;5>3;5>8;7>2;7>3],0.408482873309466,weak_behavioral_equivalence
e001207,symbolic_system,False,canon_225,R[0:2;2:1;3:1;4:1;5:1;7:1;8:2]E[0>5;0>8;2>0;2>5;2>8;3>0;3>2;3>4;3>8;5>8;7>3;7>5;8>2;8>4;8>5],0.4457494381212197,weak_behavioral_equivalence
e001242,symbolic_system,False,canon_239,R[0:2;2:1;3:2;4:1;5:1;7:1;8:1]E[0>3;0>5;2>0;2>3;3>0;3>2;3>4;3>8;5>2;5>8;7>3;8>4],0.42381204725144517,weak_behavioral_equivalence
e001248,symbolic_system,True,canon_050,R[0:1;2:1;3:2;4:1;5:1;7:1;8:2]E[0>8;2>5;2>8;3>0;3>2;3>4;3>8;5>3;7>2;7>3;7>5;8>2;8>4;8>5],0.4551880591692469,weak_behavioral_equivalence
